province_code,province,area_type,year,period,value
1100,ACEH,Tidak ada,2022,Januari,0.0
1100,ACEH,Tidak ada,2022,Februari,0.0
1100,ACEH,Tidak ada,2022,Maret,0.0
1100,ACEH,Tidak ada,2022,April,0.0
1100,ACEH,Tidak ada,2022,Mei,0.0
1100,ACEH,Tidak ada,2022,Juni,0.0
1100,ACEH,Tidak ada,2022,Juli,0.0
1100,ACEH,Tidak ada,2022,Agustus,0.0
1100,ACEH,Tidak ada,2022,September,0.0
1100,ACEH,Tidak ada,2022,Oktober,0.0
1100,ACEH,Tidak ada,2022,November,0.0
1100,ACEH,Tidak ada,2022,Desember,0.0
1100,ACEH,Tidak ada,2022,Tahunan,0.0
1100,ACEH,Tidak ada,2023,Januari,0.0
1100,ACEH,Tidak ada,2023,Februari,0.0
1100,ACEH,Tidak ada,2023,Maret,9733.1
1100,ACEH,Tidak ada,2023,April,0.0
1100,ACEH,Tidak ada,2023,Mei,0.0
1100,ACEH,Tidak ada,2023,Juni,7815.2
1100,ACEH,Tidak ada,2023,Juli,0.0
1100,ACEH,Tidak ada,2023,Agustus,6944.7
1100,ACEH,Tidak ada,2023,September,0.0
1100,ACEH,Tidak ada,2023,Oktober,7358.4
1100,ACEH,Tidak ada,2023,November,0.0
1100,ACEH,Tidak ada,2023,Desember,10542.0
1100,ACEH,Tidak ada,2023,Tahunan,42393.3
1200,SUMATERA UTARA,Tidak ada,2022,Januari,131.3
1200,SUMATERA UTARA,Tidak ada,2022,Februari,41.5
1200,SUMATERA UTARA,Tidak ada,2022,Maret,82.1
1200,SUMATERA UTARA,Tidak ada,2022,April,72.5
1200,SUMATERA UTARA,Tidak ada,2022,Mei,29.9
1200,SUMATERA UTARA,Tidak ada,2022,Juni,127.6
1200,SUMATERA UTARA,Tidak ada,2022,Juli,67.6
1200,SUMATERA UTARA,Tidak ada,2022,Agustus,194.1
1200,SUMATERA UTARA,Tidak ada,2022,September,33.1
1200,SUMATERA UTARA,Tidak ada,2022,Oktober,145.3
1200,SUMATERA UTARA,Tidak ada,2022,November,137.5
1200,SUMATERA UTARA,Tidak ada,2022,Desember,36.7
1200,SUMATERA UTARA,Tidak ada,2022,Tahunan,1099.2
1200,SUMATERA UTARA,Tidak ada,2023,Januari,118.7
1200,SUMATERA UTARA,Tidak ada,2023,Februari,107.7
1200,SUMATERA UTARA,Tidak ada,2023,Maret,162.4
1200,SUMATERA UTARA,Tidak ada,2023,April,154.8
1200,SUMATERA UTARA,Tidak ada,2023,Mei,42.5
1200,SUMATERA UTARA,Tidak ada,2023,Juni,14218.5
1200,SUMATERA UTARA,Tidak ada,2023,Juli,59.7
1200,SUMATERA UTARA,Tidak ada,2023,Agustus,140.4
1200,SUMATERA UTARA,Tidak ada,2023,September,33.3
1200,SUMATERA UTARA,Tidak ada,2023,Oktober,101.8
1200,SUMATERA UTARA,Tidak ada,2023,November,104.7
1200,SUMATERA UTARA,Tidak ada,2023,Desember,79.0
1200,SUMATERA UTARA,Tidak ada,2023,Tahunan,15323.6
1300,SUMATERA BARAT,Tidak ada,2022,Januari,0.0
1300,SUMATERA BARAT,Tidak ada,2022,Februari,0.0
1300,SUMATERA BARAT,Tidak ada,2022,Maret,0.0
1300,SUMATERA BARAT,Tidak ada,2022,April,0.0
1300,SUMATERA BARAT,Tidak ada,2022,Mei,0.0
1300,SUMATERA BARAT,Tidak ada,2022,Juni,0.0
1300,SUMATERA BARAT,Tidak ada,2022,Juli,0.0
1300,SUMATERA BARAT,Tidak ada,2022,Agustus,0.0
1300,SUMATERA BARAT,Tidak ada,2022,September,0.0
1300,SUMATERA BARAT,Tidak ada,2022,Oktober,0.0
1300,SUMATERA BARAT,Tidak ada,2022,November,0.0
1300,SUMATERA BARAT,Tidak ada,2022,Desember,0.0
1300,SUMATERA BARAT,Tidak ada,2022,Tahunan,0.0
1300,SUMATERA BARAT,Tidak ada,2023,Januari,112609.8
1300,SUMATERA BARAT,Tidak ada,2023,Februari,112434.5
1300,SUMATERA BARAT,Tidak ada,2023,Maret,143514.0
1300,SUMATERA BARAT,Tidak ada,2023,April,115235.5
1300,SUMATERA BARAT,Tidak ada,2023,Mei,145376.3
1300,SUMATERA BARAT,Tidak ada,2023,Juni,159598.1
1300,SUMATERA BARAT,Tidak ada,2023,Juli,79894.8
1300,SUMATERA BARAT,Tidak ada,2023,Agustus,147307.0
1300,SUMATERA BARAT,Tidak ada,2023,September,179281.9
1300,SUMATERA BARAT,Tidak ada,2023,Oktober,203049.8
1300,SUMATERA BARAT,Tidak ada,2023,November,173494.4
1300,SUMATERA BARAT,Tidak ada,2023,Desember,186583.4
1300,SUMATERA BARAT,Tidak ada,2023,Tahunan,1758379.5
1400,RIAU,Tidak ada,2022,Januari,93917.0
1400,RIAU,Tidak ada,2022,Februari,150341.8
1400,RIAU,Tidak ada,2022,Maret,161630.1
1400,RIAU,Tidak ada,2022,April,196602.6
1400,RIAU,Tidak ada,2022,Mei,216031.8
1400,RIAU,Tidak ada,2022,Juni,136730.8
1400,RIAU,Tidak ada,2022,Juli,104587.2
1400,RIAU,Tidak ada,2022,Agustus,122984.3
1400,RIAU,Tidak ada,2022,September,75124.9
1400,RIAU,Tidak ada,2022,Oktober,93271.4
1400,RIAU,Tidak ada,2022,November,98664.1
1400,RIAU,Tidak ada,2022,Desember,78650.6
1400,RIAU,Tidak ada,2022,Tahunan,1528536.5
1400,RIAU,Tidak ada,2023,Januari,112609.8
1400,RIAU,Tidak ada,2023,Februari,112434.5
1400,RIAU,Tidak ada,2023,Maret,143514.0
1400,RIAU,Tidak ada,2023,April,115235.5
1400,RIAU,Tidak ada,2023,Mei,145376.3
1400,RIAU,Tidak ada,2023,Juni,159598.1
1400,RIAU,Tidak ada,2023,Juli,79894.8
1400,RIAU,Tidak ada,2023,Agustus,147307.0
1400,RIAU,Tidak ada,2023,September,179281.9
1400,RIAU,Tidak ada,2023,Oktober,203049.8
1400,RIAU,Tidak ada,2023,November,173494.4
1400,RIAU,Tidak ada,2023,Desember,186583.4
1400,RIAU,Tidak ada,2023,Tahunan,1758379.5
1500,JAMBI,Tidak ada,2022,Januari,93465.4
1500,JAMBI,Tidak ada,2022,Februari,102640.6
1500,JAMBI,Tidak ada,2022,Maret,148966.2
1500,JAMBI,Tidak ada,2022,April,120099.9
1500,JAMBI,Tidak ada,2022,Mei,141601.7
1500,JAMBI,Tidak ada,2022,Juni,166564.9
1500,JAMBI,Tidak ada,2022,Juli,139097.6
1500,JAMBI,Tidak ada,2022,Agustus,132789.6
1500,JAMBI,Tidak ada,2022,September,120927.0
1500,JAMBI,Tidak ada,2022,Oktober,79510.2
1500,JAMBI,Tidak ada,2022,November,81597.6
1500,JAMBI,Tidak ada,2022,Desember,123327.8
1500,JAMBI,Tidak ada,2022,Tahunan,1450588.7
1500,JAMBI,Tidak ada,2023,Januari,84384.3
1500,JAMBI,Tidak ada,2023,Februari,102103.4
1500,JAMBI,Tidak ada,2023,Maret,83247.0
1500,JAMBI,Tidak ada,2023,April,59527.4
1500,JAMBI,Tidak ada,2023,Mei,59959.9
1500,JAMBI,Tidak ada,2023,Juni,85545.5
1500,JAMBI,Tidak ada,2023,Juli,62411.4
1500,JAMBI,Tidak ada,2023,Agustus,61559.9
1500,JAMBI,Tidak ada,2023,September,94311.2
1500,JAMBI,Tidak ada,2023,Oktober,69820.5
1500,JAMBI,Tidak ada,2023,November,113599.5
1500,JAMBI,Tidak ada,2023,Desember,74593.4
1500,JAMBI,Tidak ada,2023,Tahunan,951063.6
1600,SUMATERA SELATAN,Tidak ada,2022,Januari,11806.1
1600,SUMATERA SELATAN,Tidak ada,2022,Februari,21044.4
1600,SUMATERA SELATAN,Tidak ada,2022,Maret,18129.5
1600,SUMATERA SELATAN,Tidak ada,2022,April,55660.7
1600,SUMATERA SELATAN,Tidak ada,2022,Mei,31543.6
1600,SUMATERA SELATAN,Tidak ada,2022,Juni,76185.3
1600,SUMATERA SELATAN,Tidak ada,2022,Juli,46306.3
1600,SUMATERA SELATAN,Tidak ada,2022,Agustus,32332.8
1600,SUMATERA SELATAN,Tidak ada,2022,September,19899.4
1600,SUMATERA SELATAN,Tidak ada,2022,Oktober,39473.1
1600,SUMATERA SELATAN,Tidak ada,2022,November,41549.2
1600,SUMATERA SELATAN,Tidak ada,2022,Desember,42081.4
1600,SUMATERA SELATAN,Tidak ada,2022,Tahunan,436011.9
1600,SUMATERA SELATAN,Tidak ada,2023,Januari,28798.9
1600,SUMATERA SELATAN,Tidak ada,2023,Februari,29714.9
1600,SUMATERA SELATAN,Tidak ada,2023,Maret,33233.2
1600,SUMATERA SELATAN,Tidak ada,2023,April,40772.5
1600,SUMATERA SELATAN,Tidak ada,2023,Mei,43683.0
1600,SUMATERA SELATAN,Tidak ada,2023,Juni,44510.8
1600,SUMATERA SELATAN,Tidak ada,2023,Juli,38334.3
1600,SUMATERA SELATAN,Tidak ada,2023,Agustus,55001.6
1600,SUMATERA SELATAN,Tidak ada,2023,September,42732.5
1600,SUMATERA SELATAN,Tidak ada,2023,Oktober,44451.4
1600,SUMATERA SELATAN,Tidak ada,2023,November,21591.7
1600,SUMATERA SELATAN,Tidak ada,2023,Desember,40323.4
1600,SUMATERA SELATAN,Tidak ada,2023,Tahunan,463148.2
1700,BENGKULU,Tidak ada,2022,Januari,0.0
1700,BENGKULU,Tidak ada,2022,Februari,0.0
1700,BENGKULU,Tidak ada,2022,Maret,0.0
1700,BENGKULU,Tidak ada,2022,April,0.0
1700,BENGKULU,Tidak ada,2022,Mei,0.0
1700,BENGKULU,Tidak ada,2022,Juni,0.0
1700,BENGKULU,Tidak ada,2022,Juli,0.0
1700,BENGKULU,Tidak ada,2022,Agustus,0.0
1700,BENGKULU,Tidak ada,2022,September,0.0
1700,BENGKULU,Tidak ada,2022,Oktober,0.0
1700,BENGKULU,Tidak ada,2022,November,0.0
1700,BENGKULU,Tidak ada,2022,Desember,0.0
1700,BENGKULU,Tidak ada,2022,Tahunan,0.0
1700,BENGKULU,Tidak ada,2023,Januari,0.0
1700,BENGKULU,Tidak ada,2023,Februari,0.0
1700,BENGKULU,Tidak ada,2023,Maret,0.0
1700,BENGKULU,Tidak ada,2023,April,0.0
1700,BENGKULU,Tidak ada,2023,Mei,0.0
1700,BENGKULU,Tidak ada,2023,Juni,0.0
1700,BENGKULU,Tidak ada,2023,Juli,0.0
1700,BENGKULU,Tidak ada,2023,Agustus,0.0
1700,BENGKULU,Tidak ada,2023,September,0.0
1700,BENGKULU,Tidak ada,2023,Oktober,0.0
1700,BENGKULU,Tidak ada,2023,November,0.0
1700,BENGKULU,Tidak ada,2023,Desember,0.0
1700,BENGKULU,Tidak ada,2023,Tahunan,0.0
1800,LAMPUNG,Tidak ada,2022,Januari,0.0
1800,LAMPUNG,Tidak ada,2022,Februari,0.0
1800,LAMPUNG,Tidak ada,2022,Maret,0.0
1800,LAMPUNG,Tidak ada,2022,April,0.0
1800,LAMPUNG,Tidak ada,2022,Mei,0.0
1800,LAMPUNG,Tidak ada,2022,Juni,0.0
1800,LAMPUNG,Tidak ada,2022,Juli,0.0
1800,LAMPUNG,Tidak ada,2022,Agustus,0.0
1800,LAMPUNG,Tidak ada,2022,September,0.0
1800,LAMPUNG,Tidak ada,2022,Oktober,0.0
1800,LAMPUNG,Tidak ada,2022,November,0.0
1800,LAMPUNG,Tidak ada,2022,Desember,0.0
1800,LAMPUNG,Tidak ada,2022,Tahunan,0.0
1800,LAMPUNG,Tidak ada,2023,Januari,0.0
1800,LAMPUNG,Tidak ada,2023,Februari,0.0
1800,LAMPUNG,Tidak ada,2023,Maret,0.0
1800,LAMPUNG,Tidak ada,2023,April,0.0
1800,LAMPUNG,Tidak ada,2023,Mei,0.0
1800,LAMPUNG,Tidak ada,2023,Juni,0.0
1800,LAMPUNG,Tidak ada,2023,Juli,0.0
1800,LAMPUNG,Tidak ada,2023,Agustus,0.0
1800,LAMPUNG,Tidak ada,2023,September,0.0
1800,LAMPUNG,Tidak ada,2023,Oktober,0.0
1800,LAMPUNG,Tidak ada,2023,November,87307.0
1800,LAMPUNG,Tidak ada,2023,Desember,0.0
1800,LAMPUNG,Tidak ada,2023,Tahunan,87307.0
1900,KEP. BANGKA BELITUNG,Tidak ada,2022,Januari,0.0
1900,KEP. BANGKA BELITUNG,Tidak ada,2022,Februari,0.0
1900,KEP. BANGKA BELITUNG,Tidak ada,2022,Maret,0.0
1900,KEP. BANGKA BELITUNG,Tidak ada,2022,April,0.0
1900,KEP. BANGKA BELITUNG,Tidak ada,2022,Mei,0.0
1900,KEP. BANGKA BELITUNG,Tidak ada,2022,Juni,0.0
1900,KEP. BANGKA BELITUNG,Tidak ada,2022,Juli,0.0
1900,KEP. BANGKA BELITUNG,Tidak ada,2022,Agustus,0.0
1900,KEP. BANGKA BELITUNG,Tidak ada,2022,September,0.0
1900,KEP. BANGKA BELITUNG,Tidak ada,2022,Oktober,0.0
1900,KEP. BANGKA BELITUNG,Tidak ada,2022,November,0.0
1900,KEP. BANGKA BELITUNG,Tidak ada,2022,Desember,0.0
1900,KEP. BANGKA BELITUNG,Tidak ada,2022,Tahunan,0.0
1900,KEP. BANGKA BELITUNG,Tidak ada,2023,Januari,0.0
1900,KEP. BANGKA BELITUNG,Tidak ada,2023,Februari,0.0
1900,KEP. BANGKA BELITUNG,Tidak ada,2023,Maret,0.0
1900,KEP. BANGKA BELITUNG,Tidak ada,2023,April,0.0
1900,KEP. BANGKA BELITUNG,Tidak ada,2023,Mei,12705.8
1900,KEP. BANGKA BELITUNG,Tidak ada,2023,Juni,0.0
1900,KEP. BANGKA BELITUNG,Tidak ada,2023,Juli,11277.6
1900,KEP. BANGKA BELITUNG,Tidak ada,2023,Agustus,0.0
1900,KEP. BANGKA BELITUNG,Tidak ada,2023,September,0.0
1900,KEP. BANGKA BELITUNG,Tidak ada,2023,Oktober,12374.3
1900,KEP. BANGKA BELITUNG,Tidak ada,2023,November,0.0
1900,KEP. BANGKA BELITUNG,Tidak ada,2023,Desember,0.0
1900,KEP. BANGKA BELITUNG,Tidak ada,2023,Tahunan,36357.7
2100,KEP. RIAU,Tidak ada,2022,Januari,203807.1
2100,KEP. RIAU,Tidak ada,2022,Februari,248122.4
2100,KEP. RIAU,Tidak ada,2022,Maret,421359.4
2100,KEP. RIAU,Tidak ada,2022,April,319787.2
2100,KEP. RIAU,Tidak ada,2022,Mei,275074.2
2100,KEP. RIAU,Tidak ada,2022,Juni,224194.7
2100,KEP. RIAU,Tidak ada,2022,Juli,189813.7
2100,KEP. RIAU,Tidak ada,2022,Agustus,255873.8
2100,KEP. RIAU,Tidak ada,2022,September,194674.6
2100,KEP. RIAU,Tidak ada,2022,Oktober,175017.8
2100,KEP. RIAU,Tidak ada,2022,November,148307.5
2100,KEP. RIAU,Tidak ada,2022,Desember,170101.8
2100,KEP. RIAU,Tidak ada,2022,Tahunan,2826134.4
2100,KEP. RIAU,Tidak ada,2023,Januari,364501.6
2100,KEP. RIAU,Tidak ada,2023,Februari,187439.6
2100,KEP. RIAU,Tidak ada,2023,Maret,253373.8
2100,KEP. RIAU,Tidak ada,2023,April,347934.8
2100,KEP. RIAU,Tidak ada,2023,Mei,227592.6
2100,KEP. RIAU,Tidak ada,2023,Juni,238023.6
2100,KEP. RIAU,Tidak ada,2023,Juli,280939.2
2100,KEP. RIAU,Tidak ada,2023,Agustus,332655.5
2100,KEP. RIAU,Tidak ada,2023,September,299972.8
2100,KEP. RIAU,Tidak ada,2023,Oktober,249624.5
2100,KEP. RIAU,Tidak ada,2023,November,126732.1
2100,KEP. RIAU,Tidak ada,2023,Desember,435602.8
2100,KEP. RIAU,Tidak ada,2023,Tahunan,3344392.9
3100,DKI JAKARTA,Tidak ada,2022,Januari,2262.6
3100,DKI JAKARTA,Tidak ada,2022,Februari,3172.8
3100,DKI JAKARTA,Tidak ada,2022,Maret,4074.7
3100,DKI JAKARTA,Tidak ada,2022,April,2227.1
3100,DKI JAKARTA,Tidak ada,2022,Mei,916.7
3100,DKI JAKARTA,Tidak ada,2022,Juni,2204.3
3100,DKI JAKARTA,Tidak ada,2022,Juli,2930.1
3100,DKI JAKARTA,Tidak ada,2022,Agustus,1134.3
3100,DKI JAKARTA,Tidak ada,2022,September,1547.8
3100,DKI JAKARTA,Tidak ada,2022,Oktober,2554.9
3100,DKI JAKARTA,Tidak ada,2022,November,2706.6
3100,DKI JAKARTA,Tidak ada,2022,Desember,3086.5
3100,DKI JAKARTA,Tidak ada,2022,Tahunan,28818.4
3100,DKI JAKARTA,Tidak ada,2023,Januari,2309.3
3100,DKI JAKARTA,Tidak ada,2023,Februari,1276.5
3100,DKI JAKARTA,Tidak ada,2023,Maret,1994.8
3100,DKI JAKARTA,Tidak ada,2023,April,2002.6
3100,DKI JAKARTA,Tidak ada,2023,Mei,1858.6
3100,DKI JAKARTA,Tidak ada,2023,Juni,1231.8
3100,DKI JAKARTA,Tidak ada,2023,Juli,1163.1
3100,DKI JAKARTA,Tidak ada,2023,Agustus,2510.8
3100,DKI JAKARTA,Tidak ada,2023,September,2253.9
3100,DKI JAKARTA,Tidak ada,2023,Oktober,1707.9
3100,DKI JAKARTA,Tidak ada,2023,November,1418.9
3100,DKI JAKARTA,Tidak ada,2023,Desember,991.7
3100,DKI JAKARTA,Tidak ada,2023,Tahunan,20719.9
3200,JAWA BARAT,Tidak ada,2022,Januari,34762.0
3200,JAWA BARAT,Tidak ada,2022,Februari,21736.7
3200,JAWA BARAT,Tidak ada,2022,Maret,3644.9
3200,JAWA BARAT,Tidak ada,2022,April,45213.9
3200,JAWA BARAT,Tidak ada,2022,Mei,44719.9
3200,JAWA BARAT,Tidak ada,2022,Juni,25030.5
3200,JAWA BARAT,Tidak ada,2022,Juli,44316.5
3200,JAWA BARAT,Tidak ada,2022,Agustus,35687.6
3200,JAWA BARAT,Tidak ada,2022,September,19781.7
3200,JAWA BARAT,Tidak ada,2022,Oktober,16154.3
3200,JAWA BARAT,Tidak ada,2022,November,17292.0
3200,JAWA BARAT,Tidak ada,2022,Desember,15974.0
3200,JAWA BARAT,Tidak ada,2022,Tahunan,324313.9
3200,JAWA BARAT,Tidak ada,2023,Januari,38196.9
3200,JAWA BARAT,Tidak ada,2023,Februari,24738.4
3200,JAWA BARAT,Tidak ada,2023,Maret,21942.6
3200,JAWA BARAT,Tidak ada,2023,April,36317.6
3200,JAWA BARAT,Tidak ada,2023,Mei,19522.1
3200,JAWA BARAT,Tidak ada,2023,Juni,21225.4
3200,JAWA BARAT,Tidak ada,2023,Juli,20368.3
3200,JAWA BARAT,Tidak ada,2023,Agustus,38606.5
3200,JAWA BARAT,Tidak ada,2023,September,21617.8
3200,JAWA BARAT,Tidak ada,2023,Oktober,58754.6
3200,JAWA BARAT,Tidak ada,2023,November,3252.5
3200,JAWA BARAT,Tidak ada,2023,Desember,51334.6
3200,JAWA BARAT,Tidak ada,2023,Tahunan,355877.4
3300,JAWA TENGAH,Tidak ada,2022,Januari,18913.4
3300,JAWA TENGAH,Tidak ada,2022,Februari,31682.7
3300,JAWA TENGAH,Tidak ada,2022,Maret,31571.2
3300,JAWA TENGAH,Tidak ada,2022,April,73159.3
3300,JAWA TENGAH,Tidak ada,2022,Mei,70457.8
3300,JAWA TENGAH,Tidak ada,2022,Juni,79872.3
3300,JAWA TENGAH,Tidak ada,2022,Juli,59599.0
3300,JAWA TENGAH,Tidak ada,2022,Agustus,61854.8
3300,JAWA TENGAH,Tidak ada,2022,September,44090.0
3300,JAWA TENGAH,Tidak ada,2022,Oktober,56242.4
3300,JAWA TENGAH,Tidak ada,2022,November,18079.2
3300,JAWA TENGAH,Tidak ada,2022,Desember,14054.9
3300,JAWA TENGAH,Tidak ada,2022,Tahunan,559577.0
3300,JAWA TENGAH,Tidak ada,2023,Januari,21349.7
3300,JAWA TENGAH,Tidak ada,2023,Februari,17382.1
3300,JAWA TENGAH,Tidak ada,2023,Maret,17439.5
3300,JAWA TENGAH,Tidak ada,2023,April,57503.2
3300,JAWA TENGAH,Tidak ada,2023,Mei,65000.2
3300,JAWA TENGAH,Tidak ada,2023,Juni,27221.7
3300,JAWA TENGAH,Tidak ada,2023,Juli,31428.3
3300,JAWA TENGAH,Tidak ada,2023,Agustus,38597.0
3300,JAWA TENGAH,Tidak ada,2023,September,18573.3
3300,JAWA TENGAH,Tidak ada,2023,Oktober,35827.2
3300,JAWA TENGAH,Tidak ada,2023,November,1015.2
3300,JAWA TENGAH,Tidak ada,2023,Desember,26895.2
3300,JAWA TENGAH,Tidak ada,2023,Tahunan,358232.6
3400,DI YOGYAKARTA,Tidak ada,2022,Januari,0.0
3400,DI YOGYAKARTA,Tidak ada,2022,Februari,0.0
3400,DI YOGYAKARTA,Tidak ada,2022,Maret,0.0
3400,DI YOGYAKARTA,Tidak ada,2022,April,0.0
3400,DI YOGYAKARTA,Tidak ada,2022,Mei,0.0
3400,DI YOGYAKARTA,Tidak ada,2022,Juni,0.0
3400,DI YOGYAKARTA,Tidak ada,2022,Juli,0.0
3400,DI YOGYAKARTA,Tidak ada,2022,Agustus,0.0
3400,DI YOGYAKARTA,Tidak ada,2022,September,0.0
3400,DI YOGYAKARTA,Tidak ada,2022,Oktober,0.0
3400,DI YOGYAKARTA,Tidak ada,2022,November,0.0
3400,DI YOGYAKARTA,Tidak ada,2022,Desember,0.0
3400,DI YOGYAKARTA,Tidak ada,2022,Tahunan,0.0
3400,DI YOGYAKARTA,Tidak ada,2023,Januari,0.0
3400,DI YOGYAKARTA,Tidak ada,2023,Februari,0.0
3400,DI YOGYAKARTA,Tidak ada,2023,Maret,0.0
3400,DI YOGYAKARTA,Tidak ada,2023,April,0.0
3400,DI YOGYAKARTA,Tidak ada,2023,Mei,0.0
3400,DI YOGYAKARTA,Tidak ada,2023,Juni,0.0
3400,DI YOGYAKARTA,Tidak ada,2023,Juli,0.0
3400,DI YOGYAKARTA,Tidak ada,2023,Agustus,0.0
3400,DI YOGYAKARTA,Tidak ada,2023,September,0.0
3400,DI YOGYAKARTA,Tidak ada,2023,Oktober,0.0
3400,DI YOGYAKARTA,Tidak ada,2023,November,0.0
3400,DI YOGYAKARTA,Tidak ada,2023,Desember,0.0
3400,DI YOGYAKARTA,Tidak ada,2023,Tahunan,0.0
3500,JAWA TIMUR,Tidak ada,2022,Januari,45378.6
3500,JAWA TIMUR,Tidak ada,2022,Februari,94435.5
3500,JAWA TIMUR,Tidak ada,2022,Maret,92103.2
3500,JAWA TIMUR,Tidak ada,2022,April,102625.0
3500,JAWA TIMUR,Tidak ada,2022,Mei,139722.8
3500,JAWA TIMUR,Tidak ada,2022,Juni,129613.1
3500,JAWA TIMUR,Tidak ada,2022,Juli,73200.7
3500,JAWA TIMUR,Tidak ada,2022,Agustus,103792.7
3500,JAWA TIMUR,Tidak ada,2022,September,128677.5
3500,JAWA TIMUR,Tidak ada,2022,Oktober,121523.4
3500,JAWA TIMUR,Tidak ada,2022,November,66826.7
3500,JAWA TIMUR,Tidak ada,2022,Desember,101918.3
3500,JAWA TIMUR,Tidak ada,2022,Tahunan,1199817.5
3500,JAWA TIMUR,Tidak ada,2023,Januari,75997.0
3500,JAWA TIMUR,Tidak ada,2023,Februari,78114.5
3500,JAWA TIMUR,Tidak ada,2023,Maret,90944.6
3500,JAWA TIMUR,Tidak ada,2023,April,32008.2
3500,JAWA TIMUR,Tidak ada,2023,Mei,94575.1
3500,JAWA TIMUR,Tidak ada,2023,Juni,77456.8
3500,JAWA TIMUR,Tidak ada,2023,Juli,66257.1
3500,JAWA TIMUR,Tidak ada,2023,Agustus,1375.2
3500,JAWA TIMUR,Tidak ada,2023,September,123934.6
3500,JAWA TIMUR,Tidak ada,2023,Oktober,106290.7
3500,JAWA TIMUR,Tidak ada,2023,November,94081.8
3500,JAWA TIMUR,Tidak ada,2023,Desember,16793.7
3500,JAWA TIMUR,Tidak ada,2023,Tahunan,857829.2
3600,BANTEN,Tidak ada,2022,Januari,8873.6
3600,BANTEN,Tidak ada,2022,Februari,514.9
3600,BANTEN,Tidak ada,2022,Maret,618.5
3600,BANTEN,Tidak ada,2022,April,7693.8
3600,BANTEN,Tidak ada,2022,Mei,15035.8
3600,BANTEN,Tidak ada,2022,Juni,24941.0
3600,BANTEN,Tidak ada,2022,Juli,31447.8
3600,BANTEN,Tidak ada,2022,Agustus,43905.9
3600,BANTEN,Tidak ada,2022,September,17806.8
3600,BANTEN,Tidak ada,2022,Oktober,6007.3
3600,BANTEN,Tidak ada,2022,November,722.1
3600,BANTEN,Tidak ada,2022,Desember,336.3
3600,BANTEN,Tidak ada,2022,Tahunan,157903.9
3600,BANTEN,Tidak ada,2023,Januari,9190.3
3600,BANTEN,Tidak ada,2023,Februari,10707.4
3600,BANTEN,Tidak ada,2023,Maret,36120.4
3600,BANTEN,Tidak ada,2023,April,17759.3
3600,BANTEN,Tidak ada,2023,Mei,18542.3
3600,BANTEN,Tidak ada,2023,Juni,25468.2
3600,BANTEN,Tidak ada,2023,Juli,15472.8
3600,BANTEN,Tidak ada,2023,Agustus,14100.3
3600,BANTEN,Tidak ada,2023,September,11539.0
3600,BANTEN,Tidak ada,2023,Oktober,18609.8
3600,BANTEN,Tidak ada,2023,November,13841.8
3600,BANTEN,Tidak ada,2023,Desember,10321.9
3600,BANTEN,Tidak ada,2023,Tahunan,201673.3
5100,BALI,Tidak ada,2022,Januari,0.0
5100,BALI,Tidak ada,2022,Februari,0.0
5100,BALI,Tidak ada,2022,Maret,0.0
5100,BALI,Tidak ada,2022,April,0.0
5100,BALI,Tidak ada,2022,Mei,0.0
5100,BALI,Tidak ada,2022,Juni,0.0
5100,BALI,Tidak ada,2022,Juli,0.7
5100,BALI,Tidak ada,2022,Agustus,0.1
5100,BALI,Tidak ada,2022,September,0.0
5100,BALI,Tidak ada,2022,Oktober,0.0
5100,BALI,Tidak ada,2022,November,0.0
5100,BALI,Tidak ada,2022,Desember,0.0
5100,BALI,Tidak ada,2022,Tahunan,0.7
5100,BALI,Tidak ada,2023,Januari,0.0
5100,BALI,Tidak ada,2023,Februari,0.0
5100,BALI,Tidak ada,2023,Maret,0.0
5100,BALI,Tidak ada,2023,April,0.0
5100,BALI,Tidak ada,2023,Mei,0.0
5100,BALI,Tidak ada,2023,Juni,0.0
5100,BALI,Tidak ada,2023,Juli,0.0
5100,BALI,Tidak ada,2023,Agustus,0.0
5100,BALI,Tidak ada,2023,September,0.0
5100,BALI,Tidak ada,2023,Oktober,0.0
5100,BALI,Tidak ada,2023,November,53.4
5100,BALI,Tidak ada,2023,Desember,0.0
5100,BALI,Tidak ada,2023,Tahunan,53.4
5200,NUSA TENGGARA BARAT,Tidak ada,2022,Januari,0.0
5200,NUSA TENGGARA BARAT,Tidak ada,2022,Februari,0.0
5200,NUSA TENGGARA BARAT,Tidak ada,2022,Maret,0.0
5200,NUSA TENGGARA BARAT,Tidak ada,2022,April,0.0
5200,NUSA TENGGARA BARAT,Tidak ada,2022,Mei,0.0
5200,NUSA TENGGARA BARAT,Tidak ada,2022,Juni,0.0
5200,NUSA TENGGARA BARAT,Tidak ada,2022,Juli,0.0
5200,NUSA TENGGARA BARAT,Tidak ada,2022,Agustus,0.0
5200,NUSA TENGGARA BARAT,Tidak ada,2022,September,0.0
5200,NUSA TENGGARA BARAT,Tidak ada,2022,Oktober,0.0
5200,NUSA TENGGARA BARAT,Tidak ada,2022,November,0.0
5200,NUSA TENGGARA BARAT,Tidak ada,2022,Desember,0.0
5200,NUSA TENGGARA BARAT,Tidak ada,2022,Tahunan,0.0
5200,NUSA TENGGARA BARAT,Tidak ada,2023,Januari,0.0
5200,NUSA TENGGARA BARAT,Tidak ada,2023,Februari,0.0
5200,NUSA TENGGARA BARAT,Tidak ada,2023,Maret,0.0
5200,NUSA TENGGARA BARAT,Tidak ada,2023,April,0.0
5200,NUSA TENGGARA BARAT,Tidak ada,2023,Mei,0.0
5200,NUSA TENGGARA BARAT,Tidak ada,2023,Juni,0.0
5200,NUSA TENGGARA BARAT,Tidak ada,2023,Juli,0.0
5200,NUSA TENGGARA BARAT,Tidak ada,2023,Agustus,0.0
5200,NUSA TENGGARA BARAT,Tidak ada,2023,September,0.0
5200,NUSA TENGGARA BARAT,Tidak ada,2023,Oktober,0.0
5200,NUSA TENGGARA BARAT,Tidak ada,2023,November,0.0
5200,NUSA TENGGARA BARAT,Tidak ada,2023,Desember,0.0
5200,NUSA TENGGARA BARAT,Tidak ada,2023,Tahunan,0.0
5300,NUSA TENGGARA TIMUR,Tidak ada,2022,Januari,13.5
5300,NUSA TENGGARA TIMUR,Tidak ada,2022,Februari,143.4
5300,NUSA TENGGARA TIMUR,Tidak ada,2022,Maret,121.0
5300,NUSA TENGGARA TIMUR,Tidak ada,2022,April,176.7
5300,NUSA TENGGARA TIMUR,Tidak ada,2022,Mei,118.5
5300,NUSA TENGGARA TIMUR,Tidak ada,2022,Juni,179.5
5300,NUSA TENGGARA TIMUR,Tidak ada,2022,Juli,275.6
5300,NUSA TENGGARA TIMUR,Tidak ada,2022,Agustus,191.7
5300,NUSA TENGGARA TIMUR,Tidak ada,2022,September,178.3
5300,NUSA TENGGARA TIMUR,Tidak ada,2022,Oktober,151.9
5300,NUSA TENGGARA TIMUR,Tidak ada,2022,November,166.6
5300,NUSA TENGGARA TIMUR,Tidak ada,2022,Desember,209.5
5300,NUSA TENGGARA TIMUR,Tidak ada,2022,Tahunan,1926.3
5300,NUSA TENGGARA TIMUR,Tidak ada,2023,Januari,50.7
5300,NUSA TENGGARA TIMUR,Tidak ada,2023,Februari,193.1
5300,NUSA TENGGARA TIMUR,Tidak ada,2023,Maret,280.5
5300,NUSA TENGGARA TIMUR,Tidak ada,2023,April,56.8
5300,NUSA TENGGARA TIMUR,Tidak ada,2023,Mei,127.7
5300,NUSA TENGGARA TIMUR,Tidak ada,2023,Juni,117.0
5300,NUSA TENGGARA TIMUR,Tidak ada,2023,Juli,128.8
5300,NUSA TENGGARA TIMUR,Tidak ada,2023,Agustus,77.2
5300,NUSA TENGGARA TIMUR,Tidak ada,2023,September,108.0
5300,NUSA TENGGARA TIMUR,Tidak ada,2023,Oktober,368.8
5300,NUSA TENGGARA TIMUR,Tidak ada,2023,November,288.5
5300,NUSA TENGGARA TIMUR,Tidak ada,2023,Desember,371.3
5300,NUSA TENGGARA TIMUR,Tidak ada,2023,Tahunan,2168.4
6100,KALIMANTAN BARAT,Tidak ada,2022,Januari,0.0
6100,KALIMANTAN BARAT,Tidak ada,2022,Februari,0.0
6100,KALIMANTAN BARAT,Tidak ada,2022,Maret,0.0
6100,KALIMANTAN BARAT,Tidak ada,2022,April,0.0
6100,KALIMANTAN BARAT,Tidak ada,2022,Mei,0.0
6100,KALIMANTAN BARAT,Tidak ada,2022,Juni,0.0
6100,KALIMANTAN BARAT,Tidak ada,2022,Juli,0.0
6100,KALIMANTAN BARAT,Tidak ada,2022,Agustus,0.0
6100,KALIMANTAN BARAT,Tidak ada,2022,September,0.0
6100,KALIMANTAN BARAT,Tidak ada,2022,Oktober,0.0
6100,KALIMANTAN BARAT,Tidak ada,2022,November,0.0
6100,KALIMANTAN BARAT,Tidak ada,2022,Desember,0.0
6100,KALIMANTAN BARAT,Tidak ada,2022,Tahunan,0.0
6100,KALIMANTAN BARAT,Tidak ada,2023,Januari,0.0
6100,KALIMANTAN BARAT,Tidak ada,2023,Februari,0.0
6100,KALIMANTAN BARAT,Tidak ada,2023,Maret,0.0
6100,KALIMANTAN BARAT,Tidak ada,2023,April,0.0
6100,KALIMANTAN BARAT,Tidak ada,2023,Mei,0.0
6100,KALIMANTAN BARAT,Tidak ada,2023,Juni,0.0
6100,KALIMANTAN BARAT,Tidak ada,2023,Juli,0.0
6100,KALIMANTAN BARAT,Tidak ada,2023,Agustus,0.0
6100,KALIMANTAN BARAT,Tidak ada,2023,September,0.0
6100,KALIMANTAN BARAT,Tidak ada,2023,Oktober,0.0
6100,KALIMANTAN BARAT,Tidak ada,2023,November,0.0
6100,KALIMANTAN BARAT,Tidak ada,2023,Desember,0.0
6100,KALIMANTAN BARAT,Tidak ada,2023,Tahunan,0.0
6200,KALIMANTAN TENGAH,Tidak ada,2022,Januari,0.0
6200,KALIMANTAN TENGAH,Tidak ada,2022,Februari,0.0
6200,KALIMANTAN TENGAH,Tidak ada,2022,Maret,0.0
6200,KALIMANTAN TENGAH,Tidak ada,2022,April,0.0
6200,KALIMANTAN TENGAH,Tidak ada,2022,Mei,0.0
6200,KALIMANTAN TENGAH,Tidak ada,2022,Juni,0.0
6200,KALIMANTAN TENGAH,Tidak ada,2022,Juli,0.0
6200,KALIMANTAN TENGAH,Tidak ada,2022,Agustus,0.0
6200,KALIMANTAN TENGAH,Tidak ada,2022,September,0.0
6200,KALIMANTAN TENGAH,Tidak ada,2022,Oktober,0.0
6200,KALIMANTAN TENGAH,Tidak ada,2022,November,0.0
6200,KALIMANTAN TENGAH,Tidak ada,2022,Desember,0.0
6200,KALIMANTAN TENGAH,Tidak ada,2022,Tahunan,0.0
6200,KALIMANTAN TENGAH,Tidak ada,2023,Januari,0.0
6200,KALIMANTAN TENGAH,Tidak ada,2023,Februari,0.0
6200,KALIMANTAN TENGAH,Tidak ada,2023,Maret,0.0
6200,KALIMANTAN TENGAH,Tidak ada,2023,April,0.0
6200,KALIMANTAN TENGAH,Tidak ada,2023,Mei,0.0
6200,KALIMANTAN TENGAH,Tidak ada,2023,Juni,0.0
6200,KALIMANTAN TENGAH,Tidak ada,2023,Juli,0.0
6200,KALIMANTAN TENGAH,Tidak ada,2023,Agustus,0.0
6200,KALIMANTAN TENGAH,Tidak ada,2023,September,0.0
6200,KALIMANTAN TENGAH,Tidak ada,2023,Oktober,0.0
6200,KALIMANTAN TENGAH,Tidak ada,2023,November,0.0
6200,KALIMANTAN TENGAH,Tidak ada,2023,Desember,0.0
6200,KALIMANTAN TENGAH,Tidak ada,2023,Tahunan,0.0
6300,KALIMANTAN SELATAN,Tidak ada,2022,Januari,0.0
6300,KALIMANTAN SELATAN,Tidak ada,2022,Februari,0.0
6300,KALIMANTAN SELATAN,Tidak ada,2022,Maret,0.0
6300,KALIMANTAN SELATAN,Tidak ada,2022,April,0.0
6300,KALIMANTAN SELATAN,Tidak ada,2022,Mei,0.0
6300,KALIMANTAN SELATAN,Tidak ada,2022,Juni,0.0
6300,KALIMANTAN SELATAN,Tidak ada,2022,Juli,0.0
6300,KALIMANTAN SELATAN,Tidak ada,2022,Agustus,0.0
6300,KALIMANTAN SELATAN,Tidak ada,2022,September,0.0
6300,KALIMANTAN SELATAN,Tidak ada,2022,Oktober,0.0
6300,KALIMANTAN SELATAN,Tidak ada,2022,November,0.0
6300,KALIMANTAN SELATAN,Tidak ada,2022,Desember,0.0
6300,KALIMANTAN SELATAN,Tidak ada,2022,Tahunan,0.0
6300,KALIMANTAN SELATAN,Tidak ada,2023,Januari,0.0
6300,KALIMANTAN SELATAN,Tidak ada,2023,Februari,0.0
6300,KALIMANTAN SELATAN,Tidak ada,2023,Maret,0.0
6300,KALIMANTAN SELATAN,Tidak ada,2023,April,0.0
6300,KALIMANTAN SELATAN,Tidak ada,2023,Mei,0.0
6300,KALIMANTAN SELATAN,Tidak ada,2023,Juni,0.0
6300,KALIMANTAN SELATAN,Tidak ada,2023,Juli,0.0
6300,KALIMANTAN SELATAN,Tidak ada,2023,Agustus,0.0
6300,KALIMANTAN SELATAN,Tidak ada,2023,September,0.0
6300,KALIMANTAN SELATAN,Tidak ada,2023,Oktober,0.1
6300,KALIMANTAN SELATAN,Tidak ada,2023,November,0.0
6300,KALIMANTAN SELATAN,Tidak ada,2023,Desember,0.0
6300,KALIMANTAN SELATAN,Tidak ada,2023,Tahunan,0.1
6400,KALIMANTAN TIMUR,Tidak ada,2022,Januari,73730.8
6400,KALIMANTAN TIMUR,Tidak ada,2022,Februari,180682.8
6400,KALIMANTAN TIMUR,Tidak ada,2022,Maret,265748.7
6400,KALIMANTAN TIMUR,Tidak ada,2022,April,240825.3
6400,KALIMANTAN TIMUR,Tidak ada,2022,Mei,196894.0
6400,KALIMANTAN TIMUR,Tidak ada,2022,Juni,294436.0
6400,KALIMANTAN TIMUR,Tidak ada,2022,Juli,192311.7
6400,KALIMANTAN TIMUR,Tidak ada,2022,Agustus,411374.4
6400,KALIMANTAN TIMUR,Tidak ada,2022,September,244716.9
6400,KALIMANTAN TIMUR,Tidak ada,2022,Oktober,238429.1
6400,KALIMANTAN TIMUR,Tidak ada,2022,November,236741.7
6400,KALIMANTAN TIMUR,Tidak ada,2022,Desember,423037.1
6400,KALIMANTAN TIMUR,Tidak ada,2022,Tahunan,2998928.7
6400,KALIMANTAN TIMUR,Tidak ada,2023,Januari,266134.3
6400,KALIMANTAN TIMUR,Tidak ada,2023,Februari,194869.2
6400,KALIMANTAN TIMUR,Tidak ada,2023,Maret,227357.6
6400,KALIMANTAN TIMUR,Tidak ada,2023,April,191585.6
6400,KALIMANTAN TIMUR,Tidak ada,2023,Mei,278485.7
6400,KALIMANTAN TIMUR,Tidak ada,2023,Juni,200325.4
6400,KALIMANTAN TIMUR,Tidak ada,2023,Juli,208015.6
6400,KALIMANTAN TIMUR,Tidak ada,2023,Agustus,273556.5
6400,KALIMANTAN TIMUR,Tidak ada,2023,September,207124.1
6400,KALIMANTAN TIMUR,Tidak ada,2023,Oktober,226074.0
6400,KALIMANTAN TIMUR,Tidak ada,2023,November,246358.9
6400,KALIMANTAN TIMUR,Tidak ada,2023,Desember,192564.2
6400,KALIMANTAN TIMUR,Tidak ada,2023,Tahunan,2712451.1
6500,KALIMANTAN UTARA,Tidak ada,2022,Januari,0.0
6500,KALIMANTAN UTARA,Tidak ada,2022,Februari,0.0
6500,KALIMANTAN UTARA,Tidak ada,2022,Maret,0.0
6500,KALIMANTAN UTARA,Tidak ada,2022,April,0.0
6500,KALIMANTAN UTARA,Tidak ada,2022,Mei,0.0
6500,KALIMANTAN UTARA,Tidak ada,2022,Juni,0.0
6500,KALIMANTAN UTARA,Tidak ada,2022,Juli,0.0
6500,KALIMANTAN UTARA,Tidak ada,2022,Agustus,0.0
6500,KALIMANTAN UTARA,Tidak ada,2022,September,0.0
6500,KALIMANTAN UTARA,Tidak ada,2022,Oktober,0.0
6500,KALIMANTAN UTARA,Tidak ada,2022,November,0.0
6500,KALIMANTAN UTARA,Tidak ada,2022,Desember,0.0
6500,KALIMANTAN UTARA,Tidak ada,2022,Tahunan,0.0
6500,KALIMANTAN UTARA,Tidak ada,2023,Januari,0.0
6500,KALIMANTAN UTARA,Tidak ada,2023,Februari,0.0
6500,KALIMANTAN UTARA,Tidak ada,2023,Maret,0.0
6500,KALIMANTAN UTARA,Tidak ada,2023,April,0.0
6500,KALIMANTAN UTARA,Tidak ada,2023,Mei,0.0
6500,KALIMANTAN UTARA,Tidak ada,2023,Juni,0.0
6500,KALIMANTAN UTARA,Tidak ada,2023,Juli,0.0
6500,KALIMANTAN UTARA,Tidak ada,2023,Agustus,0.0
6500,KALIMANTAN UTARA,Tidak ada,2023,September,0.0
6500,KALIMANTAN UTARA,Tidak ada,2023,Oktober,0.0
6500,KALIMANTAN UTARA,Tidak ada,2023,November,965.5
6500,KALIMANTAN UTARA,Tidak ada,2023,Desember,976.7
6500,KALIMANTAN UTARA,Tidak ada,2023,Tahunan,1942.2
7100,SULAWESI UTARA,Tidak ada,2022,Januari,0.0
7100,SULAWESI UTARA,Tidak ada,2022,Februari,0.0
7100,SULAWESI UTARA,Tidak ada,2022,Maret,0.0
7100,SULAWESI UTARA,Tidak ada,2022,April,0.0
7100,SULAWESI UTARA,Tidak ada,2022,Mei,0.0
7100,SULAWESI UTARA,Tidak ada,2022,Juni,0.0
7100,SULAWESI UTARA,Tidak ada,2022,Juli,0.0
7100,SULAWESI UTARA,Tidak ada,2022,Agustus,0.0
7100,SULAWESI UTARA,Tidak ada,2022,September,0.0
7100,SULAWESI UTARA,Tidak ada,2022,Oktober,0.0
7100,SULAWESI UTARA,Tidak ada,2022,November,0.0
7100,SULAWESI UTARA,Tidak ada,2022,Desember,0.0
7100,SULAWESI UTARA,Tidak ada,2022,Tahunan,0.0
7100,SULAWESI UTARA,Tidak ada,2023,Januari,0.0
7100,SULAWESI UTARA,Tidak ada,2023,Februari,0.0
7100,SULAWESI UTARA,Tidak ada,2023,Maret,0.0
7100,SULAWESI UTARA,Tidak ada,2023,April,0.0
7100,SULAWESI UTARA,Tidak ada,2023,Mei,0.0
7100,SULAWESI UTARA,Tidak ada,2023,Juni,0.0
7100,SULAWESI UTARA,Tidak ada,2023,Juli,0.0
7100,SULAWESI UTARA,Tidak ada,2023,Agustus,0.0
7100,SULAWESI UTARA,Tidak ada,2023,September,0.0
7100,SULAWESI UTARA,Tidak ada,2023,Oktober,0.0
7100,SULAWESI UTARA,Tidak ada,2023,November,0.0
7100,SULAWESI UTARA,Tidak ada,2023,Desember,0.0
7100,SULAWESI UTARA,Tidak ada,2023,Tahunan,0.0
7200,SULAWESI TENGAH,Tidak ada,2022,Januari,134372.9
7200,SULAWESI TENGAH,Tidak ada,2022,Februari,107316.8
7200,SULAWESI TENGAH,Tidak ada,2022,Maret,136522.3
7200,SULAWESI TENGAH,Tidak ada,2022,April,104525.2
7200,SULAWESI TENGAH,Tidak ada,2022,Mei,116798.2
7200,SULAWESI TENGAH,Tidak ada,2022,Juni,165342.1
7200,SULAWESI TENGAH,Tidak ada,2022,Juli,141016.6
7200,SULAWESI TENGAH,Tidak ada,2022,Agustus,186240.6
7200,SULAWESI TENGAH,Tidak ada,2022,September,155300.7
7200,SULAWESI TENGAH,Tidak ada,2022,Oktober,189025.3
7200,SULAWESI TENGAH,Tidak ada,2022,November,145919.5
7200,SULAWESI TENGAH,Tidak ada,2022,Desember,173899.8
7200,SULAWESI TENGAH,Tidak ada,2022,Tahunan,1756280.1
7200,SULAWESI TENGAH,Tidak ada,2023,Januari,138226.2
7200,SULAWESI TENGAH,Tidak ada,2023,Februari,188041.1
7200,SULAWESI TENGAH,Tidak ada,2023,Maret,142571.4
7200,SULAWESI TENGAH,Tidak ada,2023,April,128110.5
7200,SULAWESI TENGAH,Tidak ada,2023,Mei,161730.5
7200,SULAWESI TENGAH,Tidak ada,2023,Juni,111611.8
7200,SULAWESI TENGAH,Tidak ada,2023,Juli,152496.0
7200,SULAWESI TENGAH,Tidak ada,2023,Agustus,101857.7
7200,SULAWESI TENGAH,Tidak ada,2023,September,163794.3
7200,SULAWESI TENGAH,Tidak ada,2023,Oktober,105420.4
7200,SULAWESI TENGAH,Tidak ada,2023,November,163416.1
7200,SULAWESI TENGAH,Tidak ada,2023,Desember,99777.5
7200,SULAWESI TENGAH,Tidak ada,2023,Tahunan,1657053.5
7300,SULAWESI SELATAN,Tidak ada,2022,Januari,0.0
7300,SULAWESI SELATAN,Tidak ada,2022,Februari,0.0
7300,SULAWESI SELATAN,Tidak ada,2022,Maret,0.0
7300,SULAWESI SELATAN,Tidak ada,2022,April,0.0
7300,SULAWESI SELATAN,Tidak ada,2022,Mei,0.0
7300,SULAWESI SELATAN,Tidak ada,2022,Juni,0.0
7300,SULAWESI SELATAN,Tidak ada,2022,Juli,0.0
7300,SULAWESI SELATAN,Tidak ada,2022,Agustus,0.0
7300,SULAWESI SELATAN,Tidak ada,2022,September,0.0
7300,SULAWESI SELATAN,Tidak ada,2022,Oktober,0.0
7300,SULAWESI SELATAN,Tidak ada,2022,November,0.0
7300,SULAWESI SELATAN,Tidak ada,2022,Desember,0.0
7300,SULAWESI SELATAN,Tidak ada,2022,Tahunan,0.0
7300,SULAWESI SELATAN,Tidak ada,2023,Januari,0.0
7300,SULAWESI SELATAN,Tidak ada,2023,Februari,0.0
7300,SULAWESI SELATAN,Tidak ada,2023,Maret,0.0
7300,SULAWESI SELATAN,Tidak ada,2023,April,0.0
7300,SULAWESI SELATAN,Tidak ada,2023,Mei,0.0
7300,SULAWESI SELATAN,Tidak ada,2023,Juni,0.0
7300,SULAWESI SELATAN,Tidak ada,2023,Juli,0.0
7300,SULAWESI SELATAN,Tidak ada,2023,Agustus,0.0
7300,SULAWESI SELATAN,Tidak ada,2023,September,0.0
7300,SULAWESI SELATAN,Tidak ada,2023,Oktober,0.0
7300,SULAWESI SELATAN,Tidak ada,2023,November,0.0
7300,SULAWESI SELATAN,Tidak ada,2023,Desember,0.0
7300,SULAWESI SELATAN,Tidak ada,2023,Tahunan,0.0
7400,SULAWESI TENGGARA,Tidak ada,2022,Januari,0.0
7400,SULAWESI TENGGARA,Tidak ada,2022,Februari,0.0
7400,SULAWESI TENGGARA,Tidak ada,2022,Maret,0.0
7400,SULAWESI TENGGARA,Tidak ada,2022,April,0.0
7400,SULAWESI TENGGARA,Tidak ada,2022,Mei,0.0
7400,SULAWESI TENGGARA,Tidak ada,2022,Juni,0.0
7400,SULAWESI TENGGARA,Tidak ada,2022,Juli,0.0
7400,SULAWESI TENGGARA,Tidak ada,2022,Agustus,0.0
7400,SULAWESI TENGGARA,Tidak ada,2022,September,0.0
7400,SULAWESI TENGGARA,Tidak ada,2022,Oktober,0.0
7400,SULAWESI TENGGARA,Tidak ada,2022,November,0.0
7400,SULAWESI TENGGARA,Tidak ada,2022,Desember,0.0
7400,SULAWESI TENGGARA,Tidak ada,2022,Tahunan,0.0
7400,SULAWESI TENGGARA,Tidak ada,2023,Januari,0.0
7400,SULAWESI TENGGARA,Tidak ada,2023,Februari,0.0
7400,SULAWESI TENGGARA,Tidak ada,2023,Maret,0.0
7400,SULAWESI TENGGARA,Tidak ada,2023,April,0.0
7400,SULAWESI TENGGARA,Tidak ada,2023,Mei,0.0
7400,SULAWESI TENGGARA,Tidak ada,2023,Juni,0.0
7400,SULAWESI TENGGARA,Tidak ada,2023,Juli,0.0
7400,SULAWESI TENGGARA,Tidak ada,2023,Agustus,0.0
7400,SULAWESI TENGGARA,Tidak ada,2023,September,0.0
7400,SULAWESI TENGGARA,Tidak ada,2023,Oktober,0.0
7400,SULAWESI TENGGARA,Tidak ada,2023,November,0.0
7400,SULAWESI TENGGARA,Tidak ada,2023,Desember,0.0
7400,SULAWESI TENGGARA,Tidak ada,2023,Tahunan,0.0
7500,GORONTALO,Tidak ada,2022,Januari,0.0
7500,GORONTALO,Tidak ada,2022,Februari,0.0
7500,GORONTALO,Tidak ada,2022,Maret,0.0
7500,GORONTALO,Tidak ada,2022,April,0.0
7500,GORONTALO,Tidak ada,2022,Mei,0.0
7500,GORONTALO,Tidak ada,2022,Juni,0.0
7500,GORONTALO,Tidak ada,2022,Juli,0.0
7500,GORONTALO,Tidak ada,2022,Agustus,0.0
7500,GORONTALO,Tidak ada,2022,September,0.0
7500,GORONTALO,Tidak ada,2022,Oktober,0.0
7500,GORONTALO,Tidak ada,2022,November,0.0
7500,GORONTALO,Tidak ada,2022,Desember,0.0
7500,GORONTALO,Tidak ada,2022,Tahunan,0.0
7500,GORONTALO,Tidak ada,2023,Januari,0.0
7500,GORONTALO,Tidak ada,2023,Februari,0.0
7500,GORONTALO,Tidak ada,2023,Maret,0.0
7500,GORONTALO,Tidak ada,2023,April,0.0
7500,GORONTALO,Tidak ada,2023,Mei,0.0
7500,GORONTALO,Tidak ada,2023,Juni,0.0
7500,GORONTALO,Tidak ada,2023,Juli,0.0
7500,GORONTALO,Tidak ada,2023,Agustus,0.0
7500,GORONTALO,Tidak ada,2023,September,0.0
7500,GORONTALO,Tidak ada,2023,Oktober,0.0
7500,GORONTALO,Tidak ada,2023,November,0.0
7500,GORONTALO,Tidak ada,2023,Desember,0.0
7500,GORONTALO,Tidak ada,2023,Tahunan,0.0
7600,SULAWESI BARAT,Tidak ada,2022,Januari,0.0
7600,SULAWESI BARAT,Tidak ada,2022,Februari,0.0
7600,SULAWESI BARAT,Tidak ada,2022,Maret,0.0
7600,SULAWESI BARAT,Tidak ada,2022,April,0.0
7600,SULAWESI BARAT,Tidak ada,2022,Mei,0.0
7600,SULAWESI BARAT,Tidak ada,2022,Juni,0.0
7600,SULAWESI BARAT,Tidak ada,2022,Juli,0.0
7600,SULAWESI BARAT,Tidak ada,2022,Agustus,0.0
7600,SULAWESI BARAT,Tidak ada,2022,September,0.0
7600,SULAWESI BARAT,Tidak ada,2022,Oktober,0.0
7600,SULAWESI BARAT,Tidak ada,2022,November,0.0
7600,SULAWESI BARAT,Tidak ada,2022,Desember,0.0
7600,SULAWESI BARAT,Tidak ada,2022,Tahunan,0.0
7600,SULAWESI BARAT,Tidak ada,2023,Januari,0.0
7600,SULAWESI BARAT,Tidak ada,2023,Februari,0.0
7600,SULAWESI BARAT,Tidak ada,2023,Maret,0.0
7600,SULAWESI BARAT,Tidak ada,2023,April,0.0
7600,SULAWESI BARAT,Tidak ada,2023,Mei,0.0
7600,SULAWESI BARAT,Tidak ada,2023,Juni,0.0
7600,SULAWESI BARAT,Tidak ada,2023,Juli,0.0
7600,SULAWESI BARAT,Tidak ada,2023,Agustus,0.0
7600,SULAWESI BARAT,Tidak ada,2023,September,0.0
7600,SULAWESI BARAT,Tidak ada,2023,Oktober,0.0
7600,SULAWESI BARAT,Tidak ada,2023,November,0.0
7600,SULAWESI BARAT,Tidak ada,2023,Desember,0.0
7600,SULAWESI BARAT,Tidak ada,2023,Tahunan,0.0
8100,MALUKU,Tidak ada,2022,Januari,0.0
8100,MALUKU,Tidak ada,2022,Februari,0.0
8100,MALUKU,Tidak ada,2022,Maret,0.0
8100,MALUKU,Tidak ada,2022,April,0.0
8100,MALUKU,Tidak ada,2022,Mei,0.0
8100,MALUKU,Tidak ada,2022,Juni,26330.4
8100,MALUKU,Tidak ada,2022,Juli,0.0
8100,MALUKU,Tidak ada,2022,Agustus,0.0
8100,MALUKU,Tidak ada,2022,September,0.0
8100,MALUKU,Tidak ada,2022,Oktober,0.0
8100,MALUKU,Tidak ada,2022,November,0.0
8100,MALUKU,Tidak ada,2022,Desember,16555.0
8100,MALUKU,Tidak ada,2022,Tahunan,42885.5
8100,MALUKU,Tidak ada,2023,Januari,0.0
8100,MALUKU,Tidak ada,2023,Februari,0.0
8100,MALUKU,Tidak ada,2023,Maret,0.0
8100,MALUKU,Tidak ada,2023,April,0.0
8100,MALUKU,Tidak ada,2023,Mei,0.0
8100,MALUKU,Tidak ada,2023,Juni,11163.3
8100,MALUKU,Tidak ada,2023,Juli,0.0
8100,MALUKU,Tidak ada,2023,Agustus,0.0
8100,MALUKU,Tidak ada,2023,September,0.0
8100,MALUKU,Tidak ada,2023,Oktober,0.0
8100,MALUKU,Tidak ada,2023,November,0.0
8100,MALUKU,Tidak ada,2023,Desember,17727.2
8100,MALUKU,Tidak ada,2023,Tahunan,28890.5
8200,MALUKU UTARA,Tidak ada,2022,Januari,0.0
8200,MALUKU UTARA,Tidak ada,2022,Februari,0.0
8200,MALUKU UTARA,Tidak ada,2022,Maret,0.0
8200,MALUKU UTARA,Tidak ada,2022,April,0.0
8200,MALUKU UTARA,Tidak ada,2022,Mei,0.0
8200,MALUKU UTARA,Tidak ada,2022,Juni,0.0
8200,MALUKU UTARA,Tidak ada,2022,Juli,0.0
8200,MALUKU UTARA,Tidak ada,2022,Agustus,0.0
8200,MALUKU UTARA,Tidak ada,2022,September,0.0
8200,MALUKU UTARA,Tidak ada,2022,Oktober,0.0
8200,MALUKU UTARA,Tidak ada,2022,November,0.0
8200,MALUKU UTARA,Tidak ada,2022,Desember,0.0
8200,MALUKU UTARA,Tidak ada,2022,Tahunan,0.0
8200,MALUKU UTARA,Tidak ada,2023,Januari,0.0
8200,MALUKU UTARA,Tidak ada,2023,Februari,0.0
8200,MALUKU UTARA,Tidak ada,2023,Maret,0.0
8200,MALUKU UTARA,Tidak ada,2023,April,0.0
8200,MALUKU UTARA,Tidak ada,2023,Mei,0.0
8200,MALUKU UTARA,Tidak ada,2023,Juni,0.0
8200,MALUKU UTARA,Tidak ada,2023,Juli,0.0
8200,MALUKU UTARA,Tidak ada,2023,Agustus,0.0
8200,MALUKU UTARA,Tidak ada,2023,September,0.0
8200,MALUKU UTARA,Tidak ada,2023,Oktober,0.0
8200,MALUKU UTARA,Tidak ada,2023,November,0.0
8200,MALUKU UTARA,Tidak ada,2023,Desember,0.0
8200,MALUKU UTARA,Tidak ada,2023,Tahunan,0.0
9100,PAPUA BARAT,Tidak ada,2022,Januari,182077.5
9100,PAPUA BARAT,Tidak ada,2022,Februari,67703.5
9100,PAPUA BARAT,Tidak ada,2022,Maret,208741.7
9100,PAPUA BARAT,Tidak ada,2022,April,197913.4
9100,PAPUA BARAT,Tidak ada,2022,Mei,249118.9
9100,PAPUA BARAT,Tidak ada,2022,Juni,200020.3
9100,PAPUA BARAT,Tidak ada,2022,Juli,262612.1
9100,PAPUA BARAT,Tidak ada,2022,Agustus,274518.7
9100,PAPUA BARAT,Tidak ada,2022,September,236191.6
9100,PAPUA BARAT,Tidak ada,2022,Oktober,268789.1
9100,PAPUA BARAT,Tidak ada,2022,November,243205.4
9100,PAPUA BARAT,Tidak ada,2022,Desember,294505.5
9100,PAPUA BARAT,Tidak ada,2022,Tahunan,2685397.7
9100,PAPUA BARAT,Tidak ada,2023,Januari,346079.7
9100,PAPUA BARAT,Tidak ada,2023,Februari,239388.5
9100,PAPUA BARAT,Tidak ada,2023,Maret,276312.4
9100,PAPUA BARAT,Tidak ada,2023,April,229692.3
9100,PAPUA BARAT,Tidak ada,2023,Mei,179410.9
9100,PAPUA BARAT,Tidak ada,2023,Juni,234161.4
9100,PAPUA BARAT,Tidak ada,2023,Juli,258549.3
9100,PAPUA BARAT,Tidak ada,2023,Agustus,244495.0
9100,PAPUA BARAT,Tidak ada,2023,September,239821.9
9100,PAPUA BARAT,Tidak ada,2023,Oktober,230593.6
9100,PAPUA BARAT,Tidak ada,2023,November,234681.3
9100,PAPUA BARAT,Tidak ada,2023,Desember,313459.5
9100,PAPUA BARAT,Tidak ada,2023,Tahunan,3026645.8
9400,PAPUA,Tidak ada,2022,Januari,0.0
9400,PAPUA,Tidak ada,2022,Februari,0.0
9400,PAPUA,Tidak ada,2022,Maret,0.0
9400,PAPUA,Tidak ada,2022,April,0.0
9400,PAPUA,Tidak ada,2022,Mei,0.0
9400,PAPUA,Tidak ada,2022,Juni,0.0
9400,PAPUA,Tidak ada,2022,Juli,1.3
9400,PAPUA,Tidak ada,2022,Agustus,0.0
9400,PAPUA,Tidak ada,2022,September,0.0
9400,PAPUA,Tidak ada,2022,Oktober,0.0
9400,PAPUA,Tidak ada,2022,November,0.0
9400,PAPUA,Tidak ada,2022,Desember,1.2
9400,PAPUA,Tidak ada,2022,Tahunan,2.4
9400,PAPUA,Tidak ada,2023,Januari,2.4
9400,PAPUA,Tidak ada,2023,Februari,1.0
9400,PAPUA,Tidak ada,2023,Maret,0.0
9400,PAPUA,Tidak ada,2023,April,0.0
9400,PAPUA,Tidak ada,2023,Mei,0.0
9400,PAPUA,Tidak ada,2023,Juni,0.5
9400,PAPUA,Tidak ada,2023,Juli,6.4
9400,PAPUA,Tidak ada,2023,Agustus,0.0
9400,PAPUA,Tidak ada,2023,September,0.0
9400,PAPUA,Tidak ada,2023,Oktober,0.0
9400,PAPUA,Tidak ada,2023,November,0.3
9400,PAPUA,Tidak ada,2023,Desember,0.0
9400,PAPUA,Tidak ada,2023,Tahunan,10.6
9999,INDONESIA,Tidak ada,2022,Januari,903511.7
9999,INDONESIA,Tidak ada,2022,Februari,1029579.9
9999,INDONESIA,Tidak ada,2022,Maret,1493313.6
9999,INDONESIA,Tidak ada,2022,April,1466582.6
9999,INDONESIA,Tidak ada,2022,Mei,1498064.1
9999,INDONESIA,Tidak ada,2022,Juni,1551772.8
9999,INDONESIA,Tidak ada,2022,Juli,1287584.3
9999,INDONESIA,Tidak ada,2022,Agustus,1662875.4
9999,INDONESIA,Tidak ada,2022,September,1258950.5
9999,INDONESIA,Tidak ada,2022,Oktober,1286295.5
9999,INDONESIA,Tidak ada,2022,November,1101915.7
9999,INDONESIA,Tidak ada,2022,Desember,1457776.4
9999,INDONESIA,Tidak ada,2022,Tahunan,15998222.6
9999,INDONESIA,Tidak ada,2023,Januari,1487949.8
9999,INDONESIA,Tidak ada,2023,Februari,1186511.9
9999,INDONESIA,Tidak ada,2023,Maret,1338227.5
9999,INDONESIA,Tidak ada,2023,April,1258661.1
9999,INDONESIA,Tidak ada,2023,Mei,1308613.1
9999,INDONESIA,Tidak ada,2023,Juni,1259694.8
9999,INDONESIA,Tidak ada,2023,Juli,1226802.7
9999,INDONESIA,Tidak ada,2023,Agustus,1318785.3
9999,INDONESIA,Tidak ada,2023,September,1405098.7
9999,INDONESIA,Tidak ada,2023,Oktober,1370427.7
9999,INDONESIA,Tidak ada,2023,November,1282203.7
9999,INDONESIA,Tidak ada,2023,Desember,1478937.5
9999,INDONESIA,Tidak ada,2023,Tahunan,15921913.8
1100,ACEH,Tidak ada,2024,Januari,0.0
1100,ACEH,Tidak ada,2024,Februari,6985.0
1100,ACEH,Tidak ada,2024,Maret,0.0
1100,ACEH,Tidak ada,2024,April,9514.0
1100,ACEH,Tidak ada,2024,Mei,0.0
1100,ACEH,Tidak ada,2024,Juni,9923.2
1100,ACEH,Tidak ada,2024,Juli,0.0
1100,ACEH,Tidak ada,2024,Agustus,8852.4
1100,ACEH,Tidak ada,2024,September,0.0
1100,ACEH,Tidak ada,2024,Oktober,7601.2
1100,ACEH,Tidak ada,2024,Desember,7722.7
1100,ACEH,Tidak ada,2024,Tahunan,50598.5
1200,SUMATERA UTARA,Tidak ada,2024,Januari,167.8
1200,SUMATERA UTARA,Tidak ada,2024,Februari,80.2
1200,SUMATERA UTARA,Tidak ada,2024,Maret,58.7
1200,SUMATERA UTARA,Tidak ada,2024,April,113.0
1200,SUMATERA UTARA,Tidak ada,2024,Mei,41.4
1200,SUMATERA UTARA,Tidak ada,2024,Juni,148.2
1200,SUMATERA UTARA,Tidak ada,2024,Juli,65.6
1200,SUMATERA UTARA,Tidak ada,2024,Agustus,78.5
1200,SUMATERA UTARA,Tidak ada,2024,September,115.1
1200,SUMATERA UTARA,Tidak ada,2024,Oktober,110.1
1200,SUMATERA UTARA,Tidak ada,2024,November,44.6
1200,SUMATERA UTARA,Tidak ada,2024,Desember,83.3
1200,SUMATERA UTARA,Tidak ada,2024,Tahunan,1106.4
1300,SUMATERA BARAT,Tidak ada,2024,Januari,0.0
1300,SUMATERA BARAT,Tidak ada,2024,Februari,0.0
1300,SUMATERA BARAT,Tidak ada,2024,Maret,0.0
1300,SUMATERA BARAT,Tidak ada,2024,April,0.0
1300,SUMATERA BARAT,Tidak ada,2024,Mei,0.0
1300,SUMATERA BARAT,Tidak ada,2024,Juni,0.0
1300,SUMATERA BARAT,Tidak ada,2024,Juli,0.0
1300,SUMATERA BARAT,Tidak ada,2024,Agustus,0.0
1300,SUMATERA BARAT,Tidak ada,2024,September,0.0
1300,SUMATERA BARAT,Tidak ada,2024,Oktober,0.0
1400,RIAU,Tidak ada,2024,Januari,161413.4
1400,RIAU,Tidak ada,2024,Februari,140855.9
1400,RIAU,Tidak ada,2024,Maret,172015.2
1400,RIAU,Tidak ada,2024,April,161006.5
1400,RIAU,Tidak ada,2024,Mei,150492.0
1400,RIAU,Tidak ada,2024,Juni,61463.1
1400,RIAU,Tidak ada,2024,Juli,165472.6
1400,RIAU,Tidak ada,2024,Agustus,134970.9
1400,RIAU,Tidak ada,2024,September,126903.3
1400,RIAU,Tidak ada,2024,Oktober,127527.1
1400,RIAU,Tidak ada,2024,November,125729.2
1400,RIAU,Tidak ada,2024,Desember,156382.9
1400,RIAU,Tidak ada,2024,Tahunan,1684232.2
1500,JAMBI,Tidak ada,2024,Januari,114842.1
1500,JAMBI,Tidak ada,2024,Februari,108877.0
1500,JAMBI,Tidak ada,2024,Maret,115153.8
1500,JAMBI,Tidak ada,2024,April,119165.1
1500,JAMBI,Tidak ada,2024,Mei,127911.7
1500,JAMBI,Tidak ada,2024,Juni,112840.8
1500,JAMBI,Tidak ada,2024,Juli,118127.2
1500,JAMBI,Tidak ada,2024,Agustus,115272.3
1500,JAMBI,Tidak ada,2024,September,111653.1
1500,JAMBI,Tidak ada,2024,Oktober,109413.6
1500,JAMBI,Tidak ada,2024,November,103649.4
1500,JAMBI,Tidak ada,2024,Desember,106011.2
1500,JAMBI,Tidak ada,2024,Tahunan,1362917.3
1600,SUMATERA SELATAN,Tidak ada,2024,Januari,39558.3
1600,SUMATERA SELATAN,Tidak ada,2024,Februari,48106.7
1600,SUMATERA SELATAN,Tidak ada,2024,Maret,42090.4
1600,SUMATERA SELATAN,Tidak ada,2024,April,36613.2
1600,SUMATERA SELATAN,Tidak ada,2024,Mei,27593.9
1600,SUMATERA SELATAN,Tidak ada,2024,Juni,45019.1
1600,SUMATERA SELATAN,Tidak ada,2024,Juli,42641.1
1600,SUMATERA SELATAN,Tidak ada,2024,Agustus,38263.0
1600,SUMATERA SELATAN,Tidak ada,2024,September,31171.4
1600,SUMATERA SELATAN,Tidak ada,2024,Oktober,29097.4
1600,SUMATERA SELATAN,Tidak ada,2024,November,42076.3
1600,SUMATERA SELATAN,Tidak ada,2024,Desember,35870.9
1600,SUMATERA SELATAN,Tidak ada,2024,Tahunan,458101.8
1700,BENGKULU,Tidak ada,2024,Januari,0.0
1700,BENGKULU,Tidak ada,2024,Februari,0.0
1700,BENGKULU,Tidak ada,2024,Maret,0.0
1700,BENGKULU,Tidak ada,2024,April,0.0
1700,BENGKULU,Tidak ada,2024,Mei,0.0
1700,BENGKULU,Tidak ada,2024,Juni,0.0
1700,BENGKULU,Tidak ada,2024,Juli,0.0
1700,BENGKULU,Tidak ada,2024,Agustus,0.0
1700,BENGKULU,Tidak ada,2024,September,0.0
1700,BENGKULU,Tidak ada,2024,Oktober,0.0
1800,LAMPUNG,Tidak ada,2024,Januari,0.0
1800,LAMPUNG,Tidak ada,2024,Februari,104177.1
1800,LAMPUNG,Tidak ada,2024,Maret,0.0
1800,LAMPUNG,Tidak ada,2024,April,0.0
1800,LAMPUNG,Tidak ada,2024,Mei,0.0
1800,LAMPUNG,Tidak ada,2024,Juni,0.0
1800,LAMPUNG,Tidak ada,2024,Juli,0.0
1800,LAMPUNG,Tidak ada,2024,Agustus,0.0
1800,LAMPUNG,Tidak ada,2024,September,0.0
1800,LAMPUNG,Tidak ada,2024,Oktober,0.0
1800,LAMPUNG,Tidak ada,2024,Tahunan,104177.1
1900,KEP. BANGKA BELITUNG,Tidak ada,2024,Januari,0.0
1900,KEP. BANGKA BELITUNG,Tidak ada,2024,Februari,0.0
1900,KEP. BANGKA BELITUNG,Tidak ada,2024,Maret,11669.2
1900,KEP. BANGKA BELITUNG,Tidak ada,2024,April,12392.0
1900,KEP. BANGKA BELITUNG,Tidak ada,2024,Mei,12761.3
1900,KEP. BANGKA BELITUNG,Tidak ada,2024,Juni,0.0
1900,KEP. BANGKA BELITUNG,Tidak ada,2024,Juli,0.0
1900,KEP. BANGKA BELITUNG,Tidak ada,2024,Agustus,9471.2
1900,KEP. BANGKA BELITUNG,Tidak ada,2024,September,0.0
1900,KEP. BANGKA BELITUNG,Tidak ada,2024,Oktober,0.0
1900,KEP. BANGKA BELITUNG,Tidak ada,2024,November,13352.0
1900,KEP. BANGKA BELITUNG,Tidak ada,2024,Tahunan,59645.7
2100,KEP. RIAU,Tidak ada,2024,Januari,159275.8
2100,KEP. RIAU,Tidak ada,2024,Februari,230707.9
2100,KEP. RIAU,Tidak ada,2024,Maret,328583.9
2100,KEP. RIAU,Tidak ada,2024,April,224988.7
2100,KEP. RIAU,Tidak ada,2024,Mei,196122.1
2100,KEP. RIAU,Tidak ada,2024,Juni,153543.8
2100,KEP. RIAU,Tidak ada,2024,Juli,112721.7
2100,KEP. RIAU,Tidak ada,2024,Agustus,154784.7
2100,KEP. RIAU,Tidak ada,2024,September,186225.6
2100,KEP. RIAU,Tidak ada,2024,Oktober,198631.7
2100,KEP. RIAU,Tidak ada,2024,November,252888.4
2100,KEP. RIAU,Tidak ada,2024,Desember,288119.3
2100,KEP. RIAU,Tidak ada,2024,Tahunan,2486593.6
3100,DKI JAKARTA,Tidak ada,2024,Januari,9728.6
3100,DKI JAKARTA,Tidak ada,2024,Februari,2965.3
3100,DKI JAKARTA,Tidak ada,2024,Maret,2929.6
3100,DKI JAKARTA,Tidak ada,2024,April,3053.1
3100,DKI JAKARTA,Tidak ada,2024,Mei,2214.1
3100,DKI JAKARTA,Tidak ada,2024,Juni,2268.5
3100,DKI JAKARTA,Tidak ada,2024,Juli,3342.7
3100,DKI JAKARTA,Tidak ada,2024,Agustus,2974.6
3100,DKI JAKARTA,Tidak ada,2024,September,3024.7
3100,DKI JAKARTA,Tidak ada,2024,Oktober,4132.9
3100,DKI JAKARTA,Tidak ada,2024,November,2550.9
3100,DKI JAKARTA,Tidak ada,2024,Desember,3596.2
3100,DKI JAKARTA,Tidak ada,2024,Tahunan,42781.0
3200,JAWA BARAT,Tidak ada,2024,Januari,36333.8
3200,JAWA BARAT,Tidak ada,2024,Februari,19693.6
3200,JAWA BARAT,Tidak ada,2024,Maret,21374.9
3200,JAWA BARAT,Tidak ada,2024,April,37589.5
3200,JAWA BARAT,Tidak ada,2024,Mei,20789.5
3200,JAWA BARAT,Tidak ada,2024,Juni,34261.8
3200,JAWA BARAT,Tidak ada,2024,Juli,37391.2
3200,JAWA BARAT,Tidak ada,2024,Agustus,19613.4
3200,JAWA BARAT,Tidak ada,2024,September,19335.9
3200,JAWA BARAT,Tidak ada,2024,Oktober,40142.7
3200,JAWA BARAT,Tidak ada,2024,November,18754.2
3200,JAWA BARAT,Tidak ada,2024,Desember,32798.0
3200,JAWA BARAT,Tidak ada,2024,Tahunan,338078.4
3300,JAWA TENGAH,Tidak ada,2024,Januari,16103.7
3300,JAWA TENGAH,Tidak ada,2024,Februari,19937.1
3300,JAWA TENGAH,Tidak ada,2024,Maret,47450.9
3300,JAWA TENGAH,Tidak ada,2024,April,31666.1
3300,JAWA TENGAH,Tidak ada,2024,Mei,50514.6
3300,JAWA TENGAH,Tidak ada,2024,Juni,17759.5
3300,JAWA TENGAH,Tidak ada,2024,Juli,50537.2
3300,JAWA TENGAH,Tidak ada,2024,Agustus,67778.0
3300,JAWA TENGAH,Tidak ada,2024,September,36636.8
3300,JAWA TENGAH,Tidak ada,2024,Oktober,23451.0
3300,JAWA TENGAH,Tidak ada,2024,November,37307.4
3300,JAWA TENGAH,Tidak ada,2024,Desember,18822.6
3300,JAWA TENGAH,Tidak ada,2024,Tahunan,417964.9
3400,DI YOGYAKARTA,Tidak ada,2024,Januari,0.0
3400,DI YOGYAKARTA,Tidak ada,2024,Februari,0.0
3400,DI YOGYAKARTA,Tidak ada,2024,Maret,0.0
3400,DI YOGYAKARTA,Tidak ada,2024,April,0.0
3400,DI YOGYAKARTA,Tidak ada,2024,Mei,0.0
3400,DI YOGYAKARTA,Tidak ada,2024,Juni,0.0
3400,DI YOGYAKARTA,Tidak ada,2024,Juli,0.0
3400,DI YOGYAKARTA,Tidak ada,2024,Agustus,0.0
3400,DI YOGYAKARTA,Tidak ada,2024,September,0.0
3400,DI YOGYAKARTA,Tidak ada,2024,Oktober,0.0
3500,JAWA TIMUR,Tidak ada,2024,Januari,86221.8
3500,JAWA TIMUR,Tidak ada,2024,Februari,89079.1
3500,JAWA TIMUR,Tidak ada,2024,Maret,58764.0
3500,JAWA TIMUR,Tidak ada,2024,April,77536.2
3500,JAWA TIMUR,Tidak ada,2024,Mei,54861.5
3500,JAWA TIMUR,Tidak ada,2024,Juni,123354.7
3500,JAWA TIMUR,Tidak ada,2024,Juli,135109.8
3500,JAWA TIMUR,Tidak ada,2024,Agustus,17963.9
3500,JAWA TIMUR,Tidak ada,2024,September,56176.7
3500,JAWA TIMUR,Tidak ada,2024,Oktober,83949.5
3500,JAWA TIMUR,Tidak ada,2024,November,77459.2
3500,JAWA TIMUR,Tidak ada,2024,Desember,79700.7
3500,JAWA TIMUR,Tidak ada,2024,Tahunan,940177.0
3600,BANTEN,Tidak ada,2024,Januari,9480.0
3600,BANTEN,Tidak ada,2024,Februari,4486.0
3600,BANTEN,Tidak ada,2024,Maret,1269.0
3600,BANTEN,Tidak ada,2024,April,4733.9
3600,BANTEN,Tidak ada,2024,Mei,5069.9
3600,BANTEN,Tidak ada,2024,Juni,4706.7
3600,BANTEN,Tidak ada,2024,Juli,5131.3
3600,BANTEN,Tidak ada,2024,Agustus,1257.4
3600,BANTEN,Tidak ada,2024,September,8319.2
3600,BANTEN,Tidak ada,2024,Oktober,5383.6
3600,BANTEN,Tidak ada,2024,November,5335.2
3600,BANTEN,Tidak ada,2024,Desember,6092.6
3600,BANTEN,Tidak ada,2024,Tahunan,61264.9
5100,BALI,Tidak ada,2024,Januari,55.5
5100,BALI,Tidak ada,2024,Februari,44.4
5100,BALI,Tidak ada,2024,Maret,115.6
5100,BALI,Tidak ada,2024,April,0.0
5100,BALI,Tidak ada,2024,Mei,0.0
5100,BALI,Tidak ada,2024,Juni,0.2
5100,BALI,Tidak ada,2024,Juli,46.4
5100,BALI,Tidak ada,2024,Agustus,1.6
5100,BALI,Tidak ada,2024,September,0.0
5100,BALI,Tidak ada,2024,Oktober,0.5
5100,BALI,Tidak ada,2024,Tahunan,264.2
5200,NUSA TENGGARA BARAT,Tidak ada,2024,Januari,0.0
5200,NUSA TENGGARA BARAT,Tidak ada,2024,Februari,0.0
5200,NUSA TENGGARA BARAT,Tidak ada,2024,Maret,0.0
5200,NUSA TENGGARA BARAT,Tidak ada,2024,April,0.0
5200,NUSA TENGGARA BARAT,Tidak ada,2024,Mei,0.0
5200,NUSA TENGGARA BARAT,Tidak ada,2024,Juni,0.0
5200,NUSA TENGGARA BARAT,Tidak ada,2024,Juli,0.0
5200,NUSA TENGGARA BARAT,Tidak ada,2024,Agustus,0.0
5200,NUSA TENGGARA BARAT,Tidak ada,2024,September,0.0
5200,NUSA TENGGARA BARAT,Tidak ada,2024,Oktober,0.0
5300,NUSA TENGGARA TIMUR,Tidak ada,2024,Januari,3.6
5300,NUSA TENGGARA TIMUR,Tidak ada,2024,Februari,235.2
5300,NUSA TENGGARA TIMUR,Tidak ada,2024,Maret,259.0
5300,NUSA TENGGARA TIMUR,Tidak ada,2024,April,167.5
5300,NUSA TENGGARA TIMUR,Tidak ada,2024,Mei,161.7
5300,NUSA TENGGARA TIMUR,Tidak ada,2024,Juni,130.0
5300,NUSA TENGGARA TIMUR,Tidak ada,2024,Juli,155.2
5300,NUSA TENGGARA TIMUR,Tidak ada,2024,Agustus,266.5
5300,NUSA TENGGARA TIMUR,Tidak ada,2024,September,190.2
5300,NUSA TENGGARA TIMUR,Tidak ada,2024,Oktober,201.4
5300,NUSA TENGGARA TIMUR,Tidak ada,2024,November,344.0
5300,NUSA TENGGARA TIMUR,Tidak ada,2024,Desember,393.3
5300,NUSA TENGGARA TIMUR,Tidak ada,2024,Tahunan,2507.7
6100,KALIMANTAN BARAT,Tidak ada,2024,Januari,0.0
6100,KALIMANTAN BARAT,Tidak ada,2024,Februari,0.0
6100,KALIMANTAN BARAT,Tidak ada,2024,Maret,0.0
6100,KALIMANTAN BARAT,Tidak ada,2024,April,0.0
6100,KALIMANTAN BARAT,Tidak ada,2024,Mei,0.0
6100,KALIMANTAN BARAT,Tidak ada,2024,Juni,0.0
6100,KALIMANTAN BARAT,Tidak ada,2024,Juli,0.0
6100,KALIMANTAN BARAT,Tidak ada,2024,Agustus,0.0
6100,KALIMANTAN BARAT,Tidak ada,2024,September,0.0
6100,KALIMANTAN BARAT,Tidak ada,2024,Oktober,0.0
6200,KALIMANTAN TENGAH,Tidak ada,2024,Januari,0.0
6200,KALIMANTAN TENGAH,Tidak ada,2024,Februari,0.0
6200,KALIMANTAN TENGAH,Tidak ada,2024,Maret,0.0
6200,KALIMANTAN TENGAH,Tidak ada,2024,April,0.0
6200,KALIMANTAN TENGAH,Tidak ada,2024,Mei,0.0
6200,KALIMANTAN TENGAH,Tidak ada,2024,Juni,0.0
6200,KALIMANTAN TENGAH,Tidak ada,2024,Juli,0.0
6200,KALIMANTAN TENGAH,Tidak ada,2024,Agustus,0.0
6200,KALIMANTAN TENGAH,Tidak ada,2024,September,0.0
6200,KALIMANTAN TENGAH,Tidak ada,2024,Oktober,0.0
6300,KALIMANTAN SELATAN,Tidak ada,2024,Januari,0.0
6300,KALIMANTAN SELATAN,Tidak ada,2024,Februari,0.0
6300,KALIMANTAN SELATAN,Tidak ada,2024,Maret,0.0
6300,KALIMANTAN SELATAN,Tidak ada,2024,April,0.0
6300,KALIMANTAN SELATAN,Tidak ada,2024,Mei,0.0
6300,KALIMANTAN SELATAN,Tidak ada,2024,Juni,0.0
6300,KALIMANTAN SELATAN,Tidak ada,2024,Juli,0.0
6300,KALIMANTAN SELATAN,Tidak ada,2024,Agustus,0.0
6300,KALIMANTAN SELATAN,Tidak ada,2024,September,0.0
6300,KALIMANTAN SELATAN,Tidak ada,2024,Oktober,0.0
6400,KALIMANTAN TIMUR,Tidak ada,2024,Januari,300206.8
6400,KALIMANTAN TIMUR,Tidak ada,2024,Februari,167832.7
6400,KALIMANTAN TIMUR,Tidak ada,2024,Maret,140385.0
6400,KALIMANTAN TIMUR,Tidak ada,2024,April,145453.0
6400,KALIMANTAN TIMUR,Tidak ada,2024,Mei,259238.1
6400,KALIMANTAN TIMUR,Tidak ada,2024,Juni,191704.0
6400,KALIMANTAN TIMUR,Tidak ada,2024,Juli,181704.0
6400,KALIMANTAN TIMUR,Tidak ada,2024,Agustus,119800.3
6400,KALIMANTAN TIMUR,Tidak ada,2024,September,114422.3
6400,KALIMANTAN TIMUR,Tidak ada,2024,Oktober,306241.6
6400,KALIMANTAN TIMUR,Tidak ada,2024,November,262950.1
6400,KALIMANTAN TIMUR,Tidak ada,2024,Desember,316705.1
6400,KALIMANTAN TIMUR,Tidak ada,2024,Tahunan,2506642.9
6500,KALIMANTAN UTARA,Tidak ada,2024,Januari,875.4
6500,KALIMANTAN UTARA,Tidak ada,2024,Februari,0.0
6500,KALIMANTAN UTARA,Tidak ada,2024,Maret,759.0
6500,KALIMANTAN UTARA,Tidak ada,2024,April,0.0
6500,KALIMANTAN UTARA,Tidak ada,2024,Mei,3337.1
6500,KALIMANTAN UTARA,Tidak ada,2024,Juni,1061.3
6500,KALIMANTAN UTARA,Tidak ada,2024,Juli,3727.2
6500,KALIMANTAN UTARA,Tidak ada,2024,Agustus,1096.0
6500,KALIMANTAN UTARA,Tidak ada,2024,September,3096.9
6500,KALIMANTAN UTARA,Tidak ada,2024,Oktober,1256.9
6500,KALIMANTAN UTARA,Tidak ada,2024,November,1174.7
6500,KALIMANTAN UTARA,Tidak ada,2024,Desember,1838.9
6500,KALIMANTAN UTARA,Tidak ada,2024,Tahunan,18223.5
7100,SULAWESI UTARA,Tidak ada,2024,Januari,0.0
7100,SULAWESI UTARA,Tidak ada,2024,Februari,0.0
7100,SULAWESI UTARA,Tidak ada,2024,Maret,0.0
7100,SULAWESI UTARA,Tidak ada,2024,April,0.0
7100,SULAWESI UTARA,Tidak ada,2024,Mei,0.0
7100,SULAWESI UTARA,Tidak ada,2024,Juni,0.0
7100,SULAWESI UTARA,Tidak ada,2024,Juli,0.0
7100,SULAWESI UTARA,Tidak ada,2024,Agustus,0.0
7100,SULAWESI UTARA,Tidak ada,2024,September,0.0
7100,SULAWESI UTARA,Tidak ada,2024,Oktober,0.0
7200,SULAWESI TENGAH,Tidak ada,2024,Januari,122787.2
7200,SULAWESI TENGAH,Tidak ada,2024,Februari,181135.3
7200,SULAWESI TENGAH,Tidak ada,2024,Maret,143103.9
7200,SULAWESI TENGAH,Tidak ada,2024,April,152559.6
7200,SULAWESI TENGAH,Tidak ada,2024,Mei,146120.0
7200,SULAWESI TENGAH,Tidak ada,2024,Juni,144990.7
7200,SULAWESI TENGAH,Tidak ada,2024,Juli,134036.4
7200,SULAWESI TENGAH,Tidak ada,2024,Agustus,173164.2
7200,SULAWESI TENGAH,Tidak ada,2024,September,113377.7
7200,SULAWESI TENGAH,Tidak ada,2024,Oktober,77587.3
7200,SULAWESI TENGAH,Tidak ada,2024,November,129715.1
7200,SULAWESI TENGAH,Tidak ada,2024,Desember,174834.8
7200,SULAWESI TENGAH,Tidak ada,2024,Tahunan,1693412.2
7300,SULAWESI SELATAN,Tidak ada,2024,Januari,0.0
7300,SULAWESI SELATAN,Tidak ada,2024,Februari,0.0
7300,SULAWESI SELATAN,Tidak ada,2024,Maret,0.0
7300,SULAWESI SELATAN,Tidak ada,2024,April,0.0
7300,SULAWESI SELATAN,Tidak ada,2024,Mei,0.0
7300,SULAWESI SELATAN,Tidak ada,2024,Juni,0.0
7300,SULAWESI SELATAN,Tidak ada,2024,Juli,0.0
7300,SULAWESI SELATAN,Tidak ada,2024,Agustus,0.0
7300,SULAWESI SELATAN,Tidak ada,2024,September,0.0
7300,SULAWESI SELATAN,Tidak ada,2024,Oktober,0.0
7400,SULAWESI TENGGARA,Tidak ada,2024,Januari,0.0
7400,SULAWESI TENGGARA,Tidak ada,2024,Februari,0.0
7400,SULAWESI TENGGARA,Tidak ada,2024,Maret,0.0
7400,SULAWESI TENGGARA,Tidak ada,2024,April,0.0
7400,SULAWESI TENGGARA,Tidak ada,2024,Mei,0.0
7400,SULAWESI TENGGARA,Tidak ada,2024,Juni,0.0
7400,SULAWESI TENGGARA,Tidak ada,2024,Juli,0.0
7400,SULAWESI TENGGARA,Tidak ada,2024,Agustus,0.0
7400,SULAWESI TENGGARA,Tidak ada,2024,September,0.0
7400,SULAWESI TENGGARA,Tidak ada,2024,Oktober,0.0
7500,GORONTALO,Tidak ada,2024,Januari,0.0
7500,GORONTALO,Tidak ada,2024,Februari,0.0
7500,GORONTALO,Tidak ada,2024,Maret,0.0
7500,GORONTALO,Tidak ada,2024,April,0.0
7500,GORONTALO,Tidak ada,2024,Mei,0.0
7500,GORONTALO,Tidak ada,2024,Juni,0.0
7500,GORONTALO,Tidak ada,2024,Juli,0.0
7500,GORONTALO,Tidak ada,2024,Agustus,0.0
7500,GORONTALO,Tidak ada,2024,September,0.0
7500,GORONTALO,Tidak ada,2024,Oktober,0.0
7600,SULAWESI BARAT,Tidak ada,2024,Januari,0.0
7600,SULAWESI BARAT,Tidak ada,2024,Februari,0.0
7600,SULAWESI BARAT,Tidak ada,2024,Maret,0.0
7600,SULAWESI BARAT,Tidak ada,2024,April,0.0
7600,SULAWESI BARAT,Tidak ada,2024,Mei,0.0
7600,SULAWESI BARAT,Tidak ada,2024,Juni,0.0
7600,SULAWESI BARAT,Tidak ada,2024,Juli,0.0
7600,SULAWESI BARAT,Tidak ada,2024,Agustus,0.0
7600,SULAWESI BARAT,Tidak ada,2024,September,0.0
7600,SULAWESI BARAT,Tidak ada,2024,Oktober,0.0
8100,MALUKU,Tidak ada,2024,Januari,0.0
8100,MALUKU,Tidak ada,2024,Februari,0.0
8100,MALUKU,Tidak ada,2024,Maret,0.0
8100,MALUKU,Tidak ada,2024,April,0.0
8100,MALUKU,Tidak ada,2024,Mei,0.0
8100,MALUKU,Tidak ada,2024,Juni,11223.9
8100,MALUKU,Tidak ada,2024,Juli,0.0
8100,MALUKU,Tidak ada,2024,Agustus,0.0
8100,MALUKU,Tidak ada,2024,September,0.0
8100,MALUKU,Tidak ada,2024,Oktober,0.0
8100,MALUKU,Tidak ada,2024,November,2954.4
8100,MALUKU,Tidak ada,2024,Desember,9112.0
8100,MALUKU,Tidak ada,2024,Tahunan,23290.4
8200,MALUKU UTARA,Tidak ada,2024,Januari,0.0
8200,MALUKU UTARA,Tidak ada,2024,Februari,0.0
8200,MALUKU UTARA,Tidak ada,2024,Maret,0.0
8200,MALUKU UTARA,Tidak ada,2024,April,0.0
8200,MALUKU UTARA,Tidak ada,2024,Mei,0.0
8200,MALUKU UTARA,Tidak ada,2024,Juni,0.0
8200,MALUKU UTARA,Tidak ada,2024,Juli,0.0
8200,MALUKU UTARA,Tidak ada,2024,Agustus,0.0
8200,MALUKU UTARA,Tidak ada,2024,September,0.0
8200,MALUKU UTARA,Tidak ada,2024,Oktober,0.0
9100,PAPUA BARAT,Tidak ada,2024,Januari,337403.3
9100,PAPUA BARAT,Tidak ada,2024,Februari,88442.2
9100,PAPUA BARAT,Tidak ada,2024,Maret,195885.3
9100,PAPUA BARAT,Tidak ada,2024,April,329961.7
9100,PAPUA BARAT,Tidak ada,2024,Mei,358063.0
9100,PAPUA BARAT,Tidak ada,2024,Juni,316817.6
9100,PAPUA BARAT,Tidak ada,2024,Juli,432744.7
9100,PAPUA BARAT,Tidak ada,2024,Agustus,334788.6
9100,PAPUA BARAT,Tidak ada,2024,September,336795.6
9100,PAPUA BARAT,Tidak ada,2024,Oktober,330714.2
9100,PAPUA BARAT,Tidak ada,2024,November,234056.0
9100,PAPUA BARAT,Tidak ada,2024,Desember,301341.3
9100,PAPUA BARAT,Tidak ada,2024,Tahunan,3597013.6
9200,PAPUA BARAT DAYA,Tidak ada,2024,Januari,3241.5
9200,PAPUA BARAT DAYA,Tidak ada,2024,Februari,3264.9
9200,PAPUA BARAT DAYA,Tidak ada,2024,Maret,3375.6
9200,PAPUA BARAT DAYA,Tidak ada,2024,April,3467.4
9200,PAPUA BARAT DAYA,Tidak ada,2024,Mei,3815.7
9200,PAPUA BARAT DAYA,Tidak ada,2024,Juni,0.0
9200,PAPUA BARAT DAYA,Tidak ada,2024,Juli,0.0
9200,PAPUA BARAT DAYA,Tidak ada,2024,Agustus,3213.6
9200,PAPUA BARAT DAYA,Tidak ada,2024,September,3474.4
9200,PAPUA BARAT DAYA,Tidak ada,2024,Oktober,0.0
9200,PAPUA BARAT DAYA,Tidak ada,2024,November,4050.5
9200,PAPUA BARAT DAYA,Tidak ada,2024,Tahunan,27903.6
9400,PAPUA,Tidak ada,2024,Januari,0.6
9400,PAPUA,Tidak ada,2024,Februari,0.0
9400,PAPUA,Tidak ada,2024,Maret,0.1
9400,PAPUA,Tidak ada,2024,April,0.2
9400,PAPUA,Tidak ada,2024,Mei,0.7
9400,PAPUA,Tidak ada,2024,Juni,0.2
9400,PAPUA,Tidak ada,2024,Juli,0.6
9400,PAPUA,Tidak ada,2024,Agustus,5.6
9400,PAPUA,Tidak ada,2024,September,1.7
9400,PAPUA,Tidak ada,2024,Oktober,0.0
9400,PAPUA,Tidak ada,2024,November,2.3
9400,PAPUA,Tidak ada,2024,Desember,1.1
9400,PAPUA,Tidak ada,2024,Tahunan,13.1
9500,PAPUA SELATAN,Tidak ada,2024,Januari,0.0
9500,PAPUA SELATAN,Tidak ada,2024,Februari,0.0
9500,PAPUA SELATAN,Tidak ada,2024,Maret,0.0
9500,PAPUA SELATAN,Tidak ada,2024,April,0.0
9500,PAPUA SELATAN,Tidak ada,2024,Mei,0.0
9500,PAPUA SELATAN,Tidak ada,2024,Juni,0.0
9500,PAPUA SELATAN,Tidak ada,2024,Juli,0.0
9500,PAPUA SELATAN,Tidak ada,2024,Agustus,0.0
9500,PAPUA SELATAN,Tidak ada,2024,September,0.0
9500,PAPUA SELATAN,Tidak ada,2024,Oktober,0.0
9600,PAPUA TENGAH,Tidak ada,2024,Januari,0.0
9600,PAPUA TENGAH,Tidak ada,2024,Februari,0.0
9600,PAPUA TENGAH,Tidak ada,2024,Maret,0.0
9600,PAPUA TENGAH,Tidak ada,2024,April,0.0
9600,PAPUA TENGAH,Tidak ada,2024,Mei,0.0
9600,PAPUA TENGAH,Tidak ada,2024,Juni,0.0
9600,PAPUA TENGAH,Tidak ada,2024,Juli,0.0
9600,PAPUA TENGAH,Tidak ada,2024,Agustus,0.0
9600,PAPUA TENGAH,Tidak ada,2024,September,0.0
9600,PAPUA TENGAH,Tidak ada,2024,Oktober,0.0
9600,PAPUA TENGAH,Tidak ada,2024,Desember,4.1
9600,PAPUA TENGAH,Tidak ada,2024,Tahunan,4.1
9700,PAPUA PEGUNUNGAN,Tidak ada,2024,Januari,0.0
9700,PAPUA PEGUNUNGAN,Tidak ada,2024,Februari,0.0
9700,PAPUA PEGUNUNGAN,Tidak ada,2024,Maret,0.0
9700,PAPUA PEGUNUNGAN,Tidak ada,2024,April,0.0
9700,PAPUA PEGUNUNGAN,Tidak ada,2024,Mei,0.0
9700,PAPUA PEGUNUNGAN,Tidak ada,2024,Juni,0.0
9700,PAPUA PEGUNUNGAN,Tidak ada,2024,Juli,0.0
9700,PAPUA PEGUNUNGAN,Tidak ada,2024,Agustus,0.0
9700,PAPUA PEGUNUNGAN,Tidak ada,2024,September,0.0
9700,PAPUA PEGUNUNGAN,Tidak ada,2024,Oktober,0.0
9999,INDONESIA,Tidak ada,2024,Januari,1397699.1
9999,INDONESIA,Tidak ada,2024,Februari,1216905.7
9999,INDONESIA,Tidak ada,2024,Maret,1285243.0
9999,INDONESIA,Tidak ada,2024,April,1349980.4
9999,INDONESIA,Tidak ada,2024,Mei,1419108.4
9999,INDONESIA,Tidak ada,2024,Juni,1231217.5
9999,INDONESIA,Tidak ada,2024,Juli,1422954.8
9999,INDONESIA,Tidak ada,2024,Agustus,1203616.8
9999,INDONESIA,Tidak ada,2024,September,1150920.5
9999,INDONESIA,Tidak ada,2024,Oktober,1345442.9
9999,INDONESIA,Tidak ada,2024,November,1314393.8
9999,INDONESIA,Tidak ada,2024,Desember,1539431.3
9999,INDONESIA,Tidak ada,2024,Tahunan,15876914.1
